address,total_trades,total_volume,first_trade_date,last_trade_date,fetched_at
0xee84ee128c8a2bab1b11e7edf7f5bba320235ea8,3,0.0,20251014,20251029,2025-12-02T04:05:03.380874
0x494d085100c43fa2b34194b6a3eba66c337feb2c,550,0.0,20251013,20251130,2025-12-02T04:05:08.794087
0xa479a4cf858375b287bf2c814b7bacc94461a80a,2,0.0,20251016,20251016,2025-12-02T04:05:11.454621
0x8993d9ccf36a36f7966bb687955d5ae5bf610358,91,0.0,20251013,20251021,2025-12-02T04:05:16.661355
0xe60f03d22bc1d0bff96f31578a5744f863b6d5b0,2,0.0,20251125,20251125,2025-12-02T04:05:19.262683
0xfaa9d490496a692ea9f516b2e51d764bdba346f9,15,0.0,20251109,20251111,2025-12-02T04:05:21.863964
0x58e09db7a9219b080a8f637718a959ac63180a01,2249,0.0,20251013,20251120,2025-12-02T04:05:24.476553
0x5d79e056a182e150ac3a238662104c41542eb32a,88,0.0,20251027,20251027,2025-12-02T04:05:29.686519
0xe2edd950d694434532947ee57c5c81b106940b94,85,0.0,20251106,20251121,2025-12-02T04:05:32.341820
0xffafe70477a6ea45295f104645d2ac81f8a524e8,2,0.0,20251130,20251130,2025-12-02T04:05:37.620275
0xbce098add1a382a964a6b9665d0b9e870ca96a92,915,0.0,20251013,20251130,2025-12-02T04:05:42.941384
0x1b4c289c4f6e0565f1e432654254485c490679e9,1,0.0,20251023,20251023,2025-12-02T04:05:45.573380
0x055410df70445477d18aa339f6bd49ff9c9c5d4e,1,0.0,20251031,20251031,2025-12-02T04:05:50.824691
0xee337ed1af5c09ffefa122d3207c8993b0720c1f,53,0.0,20251114,20251114,2025-12-02T04:05:56.024660
0x65c1ec85b539bf44041228df7502ac94f0bd8558,4061,0.0,20251013,20251126,2025-12-02T04:05:58.712260
0x226466b010806f0a9bf5fef0ba945a9a94518ed6,102,0.0,20251107,20251107,2025-12-02T04:06:04.019780
0x75b032a5acee2c7d96f072ddf9a38d5c702d8c2c,13,0.0,20251107,20251108,2025-12-02T04:06:06.620815
0x71343a5b1efda6cf0848231753d019858ccb3f52,76,0.0,20251027,20251121,2025-12-02T04:06:09.210442
0x7cd305a2564276e0bafd9b49c7ed70fc4dce3292,37,0.0,20251113,20251113,2025-12-02T04:06:11.913933
0xcc858dfdf76927df5d9625386cee36839fc2484e,2,0.0,20251027,20251027,2025-12-02T04:06:14.524658
0x3915a7ed767cd3ad5bc8988f159de39eb89d6ac2,196,0.0,20251123,20251127,2025-12-02T04:06:17.144866
0x50776d6f50f1208769a5d37f47e82ec576fefc43,66,0.0,20251030,20251114,2025-12-02T04:06:19.731746
0x9b445b2c817780d7abc0eff1632e5bbd193af1a5,732,0.0,20251015,20251104,2025-12-02T04:06:27.562897
0x3e13aa8c050804a79f6e795ed99fa47ca7eb1989,667,0.0,20251013,20251129,2025-12-02T04:06:30.157989
0x352c064eccdc169a1719a40480d170b410998b69,41,0.0,20251025,20251112,2025-12-02T04:06:32.750469
0x4963ec7188ca7f53e591f6132e5d4e454a306db9,23,0.0,20251014,20251014,2025-12-02T04:06:43.139038
0xd50e4c70bbcc208f50f4a4e35eb902f6b3a97011,13,0.0,20251019,20251019,2025-12-02T04:06:48.418104
0x5f9105f97535dcfa913fec2a1eb490d91d31cade,6,0.0,20251128,20251128,2025-12-02T04:06:51.040242
0x2a33caf29a8e6cb03bb891fd501ecd171a7cedd6,11,0.0,20251020,20251020,2025-12-02T04:06:58.901885
0x81b7836b044b7734d005788ab460df3d95964ac4,68,0.0,20251026,20251026,2025-12-02T04:07:06.942619
0x25906a08063474161c08e611d4845cc94732aaa3,223,0.0,20251013,20251021,2025-12-02T04:07:09.562984
0xdead6d3ec34f98e917c13d18cfbd3c284520ce59,1,0.0,20251017,20251017,2025-12-02T04:07:20.006170
0xfe10ce58be9aa8cb8a3f88603e2d55e4178d19e9,2,0.0,20251014,20251015,2025-12-02T04:07:22.611683
0x7658dc327bbdd377cacb531afe1215b19bff91cf,4,0.0,20251017,20251017,2025-12-02T04:07:25.185550
0x5de9b9a73cb7146d7e46b9218911e87d33353657,44,0.0,20251029,20251120,2025-12-02T04:07:27.851566
0x420e4feced694d19ea92c76a93fb590c67681a31,43,0.0,20251014,20251118,2025-12-02T04:07:30.441470
0x39062ecec6e05eb1779325bbf096217909f47a0e,160,0.0,20251013,20251124,2025-12-02T04:07:35.633572
0xd7ff605ad14017e1e9d754144f5daaab963b2f1d,30,0.0,20251027,20251027,2025-12-02T04:07:43.439729
0x962ad4a1276d2f985f8afabd3da59bd32e5c36f2,442,0.0,20251013,20251121,2025-12-02T04:07:51.288863
0xaa4dc1f37d827e37aea4d891b76e69974e7231b8,3,0.0,20251118,20251118,2025-12-02T04:07:56.537559
0x1190c926fb260e18a1089d079e47f7311e6c07c4,20,0.0,20251013,20251125,2025-12-02T04:08:04.360853
0xa86eb6037c5cb64302aa2b2475a27419f711c355,1424,0.0,20251016,20251126,2025-12-02T04:08:07.466720
0xadbdeaf92fe202ec31ed334c43ad0ec661f6d20e,280,0.0,20251013,20251127,2025-12-02T04:08:10.075804
0xe919ecc802120d3d4132938e7532b8ee88190679,25,0.0,20251024,20251029,2025-12-02T04:08:12.667509
0xd2f1466a467706a1d5b1e15b1f745e5498e09a08,237,0.0,20251013,20251104,2025-12-02T04:08:18.039998
0x5cb52d2762e744f0b9304a1d7c2201c44a942bea,9,0.0,20251031,20251123,2025-12-02T04:08:23.354636
0x99e009dd23cf309d4fda5a028840bc75029561a4,33,0.0,20251112,20251116,2025-12-02T04:08:25.937033
0xa28fdcaadededb001eb26541b20b64bdc69a6c44,16,0.0,20251123,20251123,2025-12-02T04:08:28.579769
0xb4310f6f3c2ef227708e517c4ba0dee7bb48774b,2,0.0,20251013,20251016,2025-12-02T04:08:33.780968
0x0e07002a86c6fec5044205a584307a610cbb25aa,35,0.0,20251013,20251128,2025-12-02T04:08:38.996928
0x824cf4e8dbde38f59ceedde735c657f86212ed1e,1241,0.0,20251016,20251130,2025-12-02T04:08:41.596673
0x6c91930ceb9091a17cb837c73f6c33ca68015b88,14,0.0,20251027,20251027,2025-12-02T04:08:44.191721
0x63f96fd5a04bfc4c5769e24f80c0969e7d750355,2,0.0,20251020,20251020,2025-12-02T04:08:46.884583
0x59da73d55cc7ddb8bf8fb608dd8e576875426a26,17,0.0,20251024,20251024,2025-12-02T04:08:49.482848
0x6c280c67d5dcdc9937b838240dfe42fefdadab04,3,0.0,20251118,20251118,2025-12-02T04:08:55.279568
0xd8817ee08ed20a55be5ea97e7f1cb969cc3b2e88,43,0.0,20251021,20251028,2025-12-02T04:09:03.244869
0x253a344ed1addf98bd8f2cbe4c5056ae773f79dd,736,0.0,20251021,20251021,2025-12-02T04:09:05.881880
0x4f8ab9232db08029698dc5acdc102767274adbcc,29,0.0,20251028,20251028,2025-12-02T04:09:08.508236
0xca92229b3123be78e35b645d0d0e6fd8adc81fc5,9396,0.0,20251104,20251117,2025-12-02T04:09:11.107618
0xacfa29396e7e52a0bf9eb1bca072809a6e495afe,132,0.0,20251109,20251124,2025-12-02T04:09:14.105453
0xfee6cf78bba26a5808ca659d7bcd10491e75e3c2,1005,0.0,20251111,20251121,2025-12-02T04:09:19.394474
0xb278034661dc1178080a7cba43280fb467158fb2,66,0.0,20251014,20251015,2025-12-02T04:09:27.216660
0x2cdfe262b3354622b02614dfc28c8da3f12e5579,343,0.0,20251112,20251126,2025-12-02T04:09:32.427671
0xcc9509235099054f49f7679be1a2d9b59d236d65,2,0.0,20251104,20251114,2025-12-02T04:09:35.070679
0x13fa88e535d5ea07f3a56935b5805b98205beeaa,6843,0.0,20251013,20251128,2025-12-02T04:09:40.546897
0x0021690ace06571d76951ed53fe981c71e11cc76,3,0.0,20251020,20251022,2025-12-02T04:09:51.228295
0x838ceb787d988c6a33b96f909544de161afdccc3,224,0.0,20251026,20251126,2025-12-02T04:09:53.840599
0x46b8328d1447286331cc85a7d3fa72a21269dde4,189,0.0,20251028,20251104,2025-12-02T04:09:56.447217
0xe1db7c81eed37caa5ca379f224afbedc8a5b9276,30,0.0,20251013,20251022,2025-12-02T04:09:59.283061
0xc001f225f7e20859e54258a66a9c4b58a6419485,30,0.0,20251111,20251111,2025-12-02T04:10:02.033452
0xc24158e36dff0dc47a456d4e66812aefc15363d1,57,0.0,20251013,20251127,2025-12-02T04:10:05.100597
0x51fbe1854e6b265a8d2eee406dc2f584b774d90e,564,0.0,20251016,20251130,2025-12-02T04:10:07.922165
0xaa466031f86b8ef4a79257435af0ae2aa0842c47,6405,0.0,20251127,20251130,2025-12-02T04:10:15.949506
0x0ec6e1325db44bb17a86ccb8e35b2f6f577c7e7f,18,0.0,20251130,20251130,2025-12-02T04:10:21.164529
0x56e26e551f397cbb28b2b3166fc8803fa5a9401c,173,0.0,20251014,20251129,2025-12-02T04:10:26.484097
0x20293ee76f22fbc4190a8014079ff135f218eda8,9,0.0,20251017,20251113,2025-12-02T04:10:29.110875
0x6764ee2439cc72b6daa890bcc47ae5b148c54388,6416,0.0,20251013,20251130,2025-12-02T04:10:34.526753
0x7d193907e1a4f73495e9ee0673e465d26fbd3dc5,484,0.0,20251018,20251124,2025-12-02T04:10:37.113906
0x72d989203ec157ed3e4f3139d8bdc32168fa2116,50,0.0,20251013,20251120,2025-12-02T04:10:40.423978
0xaf84a6ace1726df24f26b7bdfab99248a34995df,1,0.0,20251123,20251123,2025-12-02T04:10:43.121215
0x0e9c4c0f9fd1fae560595dae5289946b03608772,23,0.0,20251122,20251129,2025-12-02T04:10:45.708114
0xa4b3d1409c4ba11c76c09a8044d1729edcd2e8a0,2334,0.0,20251029,20251128,2025-12-02T04:10:48.446828
0x629bedd1b1909685cc765552c685b78d833c983a,73,0.0,20251016,20251103,2025-12-02T04:10:51.033041
0x79774e1456f3f4c546089ef72a8c9ba15cb290fe,2329,0.0,20251027,20251030,2025-12-02T04:10:53.687053
0x8a976562e2d338ed4b297a20f6216da2db4d362b,564,0.0,20251107,20251117,2025-12-02T04:11:01.861111
0xbc8d8a8067d0d3a202d4cdc13d0735b6cdef4b10,14,0.0,20251028,20251031,2025-12-02T04:11:07.224597
0x680b26db81b65075fbce65094793324a30e4e1ce,2899,0.0,20251013,20251125,2025-12-02T04:11:10.514589
0x474155c9f4875274cfa948892416cae599d9d243,5,0.0,20251122,20251122,2025-12-02T04:11:13.137565
0xba5e00b0d91fa0a0fa40b704d00d01cb0c8008c1,4036,0.0,20251013,20251130,2025-12-02T04:11:15.748006
0xb7ea8e223ee7b8a5701b50d2cd40cefb354209d5,4,0.0,20251027,20251120,2025-12-02T04:11:20.951938
0x61354bab03496ee95f072314c970e7ba25cbd787,56,0.0,20251016,20251120,2025-12-02T04:11:26.390986
0x8658ccc0732959a37f303173e29180273b3faf88,1584,0.0,20251014,20251122,2025-12-02T04:11:31.616976
0x698f77f4d84ab9a6283983ade08ab68ae875a600,3188,0.0,20251015,20251125,2025-12-02T04:11:34.232366
0xf460005781cc09d46c7b611af605283685af494c,2111,0.0,20251013,20251104,2025-12-02T04:11:36.816171
0x02eb53920376fb241f0f9669fc8d2c3fd9f8248d,4,0.0,20251016,20251016,2025-12-02T04:11:39.399955
0x3d4ffcd11f5bb1a77bc6470c85560a7ed3aa6d78,6,0.0,20251125,20251125,2025-12-02T04:11:42.052456
0x92fece1639b1e50dc0029eac9bd5a19b79ac924b,54,0.0,20251024,20251025,2025-12-02T04:11:44.714354
0x3da7f4e96a45f7d469dbb6b646eab22d3732828f,49,0.0,20251122,20251129,2025-12-02T04:11:50.150011
0x60651b03dc59b704fce963c5a66fe1a3b6a7be39,2490,0.0,20251013,20251020,2025-12-02T04:12:01.165238
0x1855c5a0a0108436a838176b7279535b1341f352,56,0.0,20251015,20251102,2025-12-02T04:12:03.773166
0xccaf287f0508e633992331e1d10113da7145f8d8,9,0.0,20251019,20251019,2025-12-02T04:12:06.410953
0x076ab36e4a2913a6a3df3f5e78fec5eca6378e75,5105,0.0,20251013,20251123,2025-12-02T04:12:09.243540
0xde5c055dde6ad2c2563268d2aa3abcf6060396cf,84,0.0,20251017,20251018,2025-12-02T04:12:14.549302
0xfe3309bcf078e78dc65de26b3a34fcf04da3a83a,6,0.0,20251116,20251116,2025-12-02T04:12:17.204586
0x54d4947d60c63af0f0765513b83fc09cd37f12ba,340,0.0,20251020,20251121,2025-12-02T04:12:19.838702
0x683e87363700331d9319b208d72f8c098ddb3532,483,0.0,20251013,20251019,2025-12-02T04:12:22.452472
0x4bf9193c14936c19b0e28d126be6eeb47506646c,65,0.0,20251017,20251121,2025-12-02T04:12:25.046997
0x9359ab8ca4fcf40b758bddd0267e1520ea4fd991,122,0.0,20251013,20251127,2025-12-02T04:12:27.661579
0x060abdad37ad4682643856c5e3be8935ddaa51e5,159,0.0,20251014,20251127,2025-12-02T04:12:30.281817
0x15c480b5ccd1e9dcef69b3473f47867b1f0b1f07,55,0.0,20251107,20251130,2025-12-02T04:12:35.949445
0x708022f70ae19d43473d41e3385c7b70c56a19d5,43,0.0,20251124,20251124,2025-12-02T04:12:38.556652
0xdc7caa98995cceea096aa9149d5f4eb08c57c5ae,1008,0.0,20251013,20251130,2025-12-02T04:12:41.146219
0x238c9d48fa58f164e6ac8dcb5be5a075fa0fc8a3,553,0.0,20251013,20251124,2025-12-02T04:12:43.809059
0xc3f24fb0b86c0ef0d7409578dc1b6def8780e843,35,0.0,20251123,20251130,2025-12-02T04:12:46.496003
0xce1f932605d2a37d4181d5283dcdcbb263e165ad,28,0.0,20251024,20251114,2025-12-02T04:12:49.156000
0x5f3b0aa4f9332f041a3bc1fa2faae0b019abbf30,43,0.0,20251117,20251127,2025-12-02T04:12:51.738782
0xcc4da230c91b5ed09f702674d03dc833e977dd4e,19,0.0,20251127,20251130,2025-12-02T04:12:57.644487
0x6563540d8a8b2c0a2e8f31e6254b990d7c9d0192,18,0.0,20251030,20251104,2025-12-02T04:13:00.264026
0x3ee68f87194e00540dc18a6fd6d1ea934d0909ff,17,0.0,20251128,20251130,2025-12-02T04:13:10.913261
0x6d13e3f00f4eb0ff2b534c996e18c7a1ca4dd403,49,0.0,20251013,20251114,2025-12-02T04:13:18.844358
0x647fec5ec5a46c5467619e239221233ccc9262ea,874,0.0,20251013,20251126,2025-12-02T04:13:24.086049
0xb9b29a20ed3f0702d9c95a58583f10f47984d550,2995,0.0,20251013,20251125,2025-12-02T04:13:29.258680
0x2069fe1c46e5a1b150965cc86a3e09451adf4402,42,0.0,20251113,20251114,2025-12-02T04:13:31.877071
0x666d47de717df8875bfb9df98997665f7ca011c3,13,0.0,20251021,20251021,2025-12-02T04:13:34.474063
0xa71b7c868de1f1898559dae13ee71bef1ea43962,508,0.0,20251013,20251120,2025-12-02T04:13:37.114206
0x265f83d5006ba4b1a816b664697af231a2b348ba,71,0.0,20251014,20251114,2025-12-02T04:13:39.736958
0x3a6f0d3f4e012e1e7b581a44236d3630ea070242,3,0.0,20251027,20251027,2025-12-02T04:13:45.018542
0xb17df9c290282e0aa92417c8e5849d2a15139830,20,0.0,20251104,20251104,2025-12-02T04:13:47.624340
0xa70e787dd92b1252790ec1996253b73dcc6e234d,125,0.0,20251022,20251104,2025-12-02T04:13:50.288475
0xc0abc92833d460537a33316c9670733341e818e2,4311,0.0,20251014,20251113,2025-12-02T04:13:55.750950
0xb6c43e93d4c53f26a691bc0736f3a9930ddaf7b4,53,0.0,20251109,20251109,2025-12-02T04:13:58.351009
0x027b8e0fd7b427d691e5ae461263569eb729b9ea,24,0.0,20251015,20251015,2025-12-02T04:14:00.967010
0xe857e18c8ad24f98a8c9ce74087292577233d5c8,8,0.0,20251108,20251120,2025-12-02T04:14:08.967614
0x92cb020cc24c2538eb20841f61ab1acb4e6bbc0d,285,0.0,20251013,20251120,2025-12-02T04:14:11.584635
0x8babdc7cd7635fde59eeafd87e4afdc46603ed39,8,0.0,20251027,20251027,2025-12-02T04:14:16.937492
0x30bacd39478989759a98347297e4589609a63b2b,2,0.0,20251023,20251023,2025-12-02T04:14:19.546291
0x3cdff59efc7f4edd3f98eaf3e6c7086f8f78841b,1,0.0,20251111,20251111,2025-12-02T04:14:22.143292
0xac3f3deadcd49cb5ceb1741d24cc930136b82025,31,0.0,20251125,20251130,2025-12-02T04:14:24.731439
0xdd76d1ed8e515968397f4b666ed814bb067cfc40,13,0.0,20251111,20251111,2025-12-02T04:14:27.447559
0x3e2493fe35c0d136373183f11f022aba5c9f4f58,22,0.0,20251013,20251128,2025-12-02T04:14:30.034584
0x6c36bdc1b0a00d793ec9c0c13b402d1a855e7519,4,0.0,20251015,20251127,2025-12-02T04:14:32.656005
0x551ab32307646a5cac135d12543cbb86d7608645,1909,0.0,20251103,20251126,2025-12-02T04:14:35.357417
0x271b20bb300976c13e776698dc3843598087bb47,241,0.0,20251028,20251110,2025-12-02T04:14:43.258819
0xe449a2537a97db70b51798a8c0e632b43285fb7b,5,0.0,20251015,20251030,2025-12-02T04:14:46.101536
0x2a052a10be9b324722e49d72208d720ee57cd437,1,0.0,20251030,20251030,2025-12-02T04:14:48.704225
0x1159bc1a57cd0d89c312b989d0abab026ec7f5be,10,0.0,20251013,20251021,2025-12-02T04:14:51.370803
0x0174bcff3b2a8efba7210d69fefb957b451d69f7,243,0.0,20251013,20251127,2025-12-02T04:14:54.034604
0x9b12cec9674ce8f1b95863b6556da4856b38a26b,116,0.0,20251022,20251029,2025-12-02T04:14:59.282397
0xce8acbf731a742328a43d210cc9e091987f1c4d5,89,0.0,20251105,20251115,2025-12-02T04:15:01.954927
0x215ce85a14551571651ac89a76c38a19a568243c,3,0.0,20251106,20251106,2025-12-02T04:15:04.614546
0x0a1e92348b720213c5f47ce37ff728e1361d4e92,4,0.0,20251027,20251028,2025-12-02T04:15:07.235457
0x158c4b3c58ad75794c2d13bf7c9e5911c20be24d,31,0.0,20251108,20251122,2025-12-02T04:15:12.587865
0xdbf4c7c5f03783c9b16c7d6856fc60857c6a6d33,128,0.0,20251017,20251104,2025-12-02T04:15:17.773752
0x5f442982d99014e5a20041f32695ec677bcd993b,6,0.0,20251110,20251110,2025-12-02T04:15:22.993188
0x2626560f884d08a4d2c30800d826d3f60fee1097,2,0.0,20251019,20251019,2025-12-02T04:15:25.770055
0x35b5d0398429785e5071560252e8a33d0bd57248,21,0.0,20251110,20251111,2025-12-02T04:15:31.078285
0x7f2ebc8446f04e3edfd86de94537eb5d6ada20e8,1,0.0,20251127,20251127,2025-12-02T04:15:33.723737
0x09ccba63e8eb96dd72d0e05c5aeb61fe5472e65c,391,0.0,20251021,20251114,2025-12-02T04:15:36.351552
0x3e0f2d4aa828f2aa19deccf8a6bd0360c746cf48,2125,0.0,20251114,20251120,2025-12-02T04:15:38.981219
0x8844eb7b4e11adbedfb87739c83f151bf0e32c64,682,0.0,20251013,20251130,2025-12-02T04:15:41.593919
0xbae3f40932a9aef6c4af9739cd0c32f187a2a7fe,147,0.0,20251104,20251121,2025-12-02T04:15:44.182264
0x7225c9d9bf8db367c34b02b25bfb21975789a814,37,0.0,20251108,20251108,2025-12-02T04:15:46.821433
0x82e0c33334c997b7e33bb6a1a8659cf3b2f3b854,44,0.0,20251128,20251128,2025-12-02T04:15:49.466833
0x9f72219c09c4a5b1d939eae7c9263a39a36829ed,10467,0.0,20251013,20251129,2025-12-02T04:15:52.288784
0xeeed381cec49c3b9ca4ac827a33c23279a2124c4,7,0.0,20251014,20251016,2025-12-02T04:15:54.897960
0x7fbab3bf2286daa18e680b857bf1fdbf666279cb,1547,0.0,20251013,20251130,2025-12-02T04:15:57.712201
0x5d624389b09eb1da1b00473c12dbdfd8c65a17f2,92,0.0,20251013,20251122,2025-12-02T04:16:00.378522
0xe50227befd91fb62fdec5a54fef3e61b32c237df,161,0.0,20251013,20251130,2025-12-02T04:16:02.975383
0x8552b1ff79e760a16f8473bdbdc0d55a3d3ae36d,47,0.0,20251019,20251020,2025-12-02T04:16:08.238315
0x7fa77093e83c9292c2357ea799ac2c57ec138203,209,0.0,20251030,20251030,2025-12-02T04:16:11.535974
0xec87b9179e688c4e8ad3e33384f43856b35c4114,151,0.0,20251013,20251130,2025-12-02T04:16:19.663353
0x53df3ca1e22bcec426ab5fb40bc0861f0ea07157,36,0.0,20251030,20251030,2025-12-02T04:16:22.298734
0x16d14e5aae3fe9af66a036d833b1ee10df6218e0,750,0.0,20251116,20251128,2025-12-02T04:16:24.891922
0xad3cc00e9201a7aa8589edab74a8c38b6277ef77,31,0.0,20251015,20251015,2025-12-02T04:16:28.183481
0x0e09b56ef137f417e424f1265425e93bfff77e17,9763,0.0,20251024,20251025,2025-12-02T04:16:33.369797
0x0e296e41c3577b396aa552f4cf2a72b0fd0a7511,2,0.0,20251118,20251119,2025-12-02T04:16:35.967072
0xd3f0995898b14110f35e3e793a1db9a039a868d7,3,0.0,20251020,20251023,2025-12-02T04:16:41.353809
0x456f7b440f93b2cb0d221e7383949b027472bc02,49,0.0,20251026,20251026,2025-12-02T04:16:43.998810
0x6b387f13443a840008e88db8732e5f27c0ce44d6,2,0.0,20251015,20251015,2025-12-02T04:16:46.679982
0x23ef40c6c2630c844ece2808b36d462a98efd53a,111,0.0,20251013,20251118,2025-12-02T04:16:49.275204
0x517009befb2cf8ea5144df9bde268a6b9a2af619,16,0.0,20251016,20251016,2025-12-02T04:16:51.994428
0x98fb3d4dc8eb9a8ffb65c7fd764939ab6effb99e,617,0.0,20251114,20251130,2025-12-02T04:16:54.593226
0x0bfd7184618b06f220c3e2f74838be51a83d97b2,5486,0.0,20251014,20251129,2025-12-02T04:16:59.828822
0x53fd31e5f740ce3733199a93466596dafd983aae,80,0.0,20251031,20251106,2025-12-02T04:17:02.502238
0x6c1edefb01b42fa27940d4a84d3eb972678d15c3,40,0.0,20251027,20251130,2025-12-02T04:17:05.140249
0x5e56664f50dc953fcdf4b4fbea23ce2f49977e4a,20,0.0,20251017,20251020,2025-12-02T04:17:10.530936
0xf3ea5b80e50fd1dcdcfb71948d86125b98d10922,5,0.0,20251013,20251026,2025-12-02T04:17:13.116481
0xe01ff44ed40070b19cc967b4f062c1b633f29195,6866,0.0,20251013,20251128,2025-12-02T04:17:15.711365
0x9eadd1782f80a8a33b6974e5b84398d745f7daf8,114,0.0,20251014,20251027,2025-12-02T04:17:18.327935
0x82210fbed5336cb60bc23e27703713a2d10136cf,2,0.0,20251017,20251017,2025-12-02T04:17:23.688320
0xaf11b310b7c49b842589dfdf3d2dcbd3f78072f9,1027,0.0,20251106,20251107,2025-12-02T04:17:26.282849
0xab7fdef5158d7f8363bdb9e644c5dcf70e1f173c,2,0.0,20251110,20251110,2025-12-02T04:17:28.935250
0x98dba70109fc5db40d8cbdfa6bde9cb25593f150,1,0.0,20251028,20251028,2025-12-02T04:17:31.579165
0xd8fb12add67586d3b491cb2e514e2c7b4cf00034,1,0.0,20251016,20251016,2025-12-02T04:17:36.783945
0x97fec1cdc7537d89bb4bcd882adad7dbab2f6b53,34649,0.0,20251014,20251126,2025-12-02T04:17:39.389545
0x9b02f21a6621897cb0bd7e76a8e9f9dc06e05588,70,0.0,20251025,20251025,2025-12-02T04:17:44.743070
0xda59cb3cb6bb409b1f7a2db4362e595f75210647,16,0.0,20251107,20251107,2025-12-02T04:17:50.061382
0x8db59728346885b8b08186ed807589153b5e7b7b,1258,0.0,20251103,20251118,2025-12-02T04:17:52.742356
0x55a8f87e59611f86a31a58b361038f36fbded9ea,1178,0.0,20251014,20251130,2025-12-02T04:17:58.023490
0xd97c9a8ed8635ccc21632f2eea21ab8a7740bc92,738,0.0,20251013,20251118,2025-12-02T04:18:03.487445
0x09cc5fd0d8ddcd025ccac4acbce783c575d0386d,2369,0.0,20251013,20251121,2025-12-02T04:18:08.739465
0xa6afc4610acc35afe818df9039baebdf386892c8,1433,0.0,20251013,20251128,2025-12-02T04:18:11.308448
0x2e8eecede20f8dc924648dc965201e5ccecc3435,4,0.0,20251015,20251015,2025-12-02T04:18:13.928213
0x3e5bde633de8134bcd38365085a7e975228da588,84,0.0,20251101,20251115,2025-12-02T04:18:16.531491
0xb919902cba23d44d587f917538a31319de01b62d,1,0.0,20251016,20251016,2025-12-02T04:18:19.148312
0x409825343b78fa148b15774785c372e9503c53de,200,0.0,20251031,20251112,2025-12-02T04:18:21.846621
0x8cd1d3a583515645d4e4053e3c668f18dd8de56a,3,0.0,20251103,20251104,2025-12-02T04:18:24.458691
0x7e89550693bb2030f668c16fbba7a1e28d49a836,663,0.0,20251104,20251104,2025-12-02T04:18:27.581472
0x1a612e6944a60f2bf8217c7cba81a82e66a79b07,97,0.0,20251023,20251023,2025-12-02T04:18:30.194513
0x41efd5eb21a4dd5c331f25c4ad6df8fe8ad7f896,29,0.0,20251015,20251017,2025-12-02T04:18:32.826680
0x5c818b83fc301dd0bfd524c5305f3f0b79618102,68,0.0,20251029,20251112,2025-12-02T04:18:35.473222
0x7c81227509daa65df5f9dab81af479cb4d39c190,13,0.0,20251021,20251021,2025-12-02T04:18:38.081291
0xc8cf30bdfaa8c6e98020add9ac520d38aca53458,32,0.0,20251123,20251127,2025-12-02T04:18:40.712192
0x66113490dc70938de593272785e52aea1c86e8a4,150,0.0,20251013,20251120,2025-12-02T04:18:43.426580
0x6c8031a9eb4415284f3f89c0420f697c87168263,57696,0.0,20251013,20251130,2025-12-02T04:18:51.436214
0x18e0c5ae56412f30190746f919b9322b9cb515c5,237,0.0,20251013,20251110,2025-12-02T04:18:54.141120
0x2ffbbc6913fe3d445d07bb30e738e582b6928443,1203,0.0,20251104,20251127,2025-12-02T04:19:02.018767
0x01b002ac8c15de40eaee07fcbaa585400f7916fd,534,0.0,20251121,20251130,2025-12-02T04:19:04.741438
0xe87a4a33948fcbd138679522cf11f0455eda95a2,78,0.0,20251024,20251024,2025-12-02T04:19:10.352723
0xf80d10665b2e075870f7ac3f120a4a2f9ae37491,21,0.0,20251023,20251023,2025-12-02T04:19:15.581129
0x35849bf11e60a66d11ca73a2a98719ac9086688e,59,0.0,20251023,20251023,2025-12-02T04:19:18.178601
0xdd71ccc7d4942524668246843488a2623839686d,18,0.0,20251015,20251126,2025-12-02T04:19:20.779160
0xd37ed9cf3bd19b454071342ddd92ad61044c671f,41,0.0,20251106,20251106,2025-12-02T04:19:23.446416
0xc5eba9d6b16cca5785609ffa1a90c4a027000e8d,429,0.0,20251016,20251106,2025-12-02T04:19:26.051118
0x9c7be9ed7f7a65a33935485318312ba07cc6c2dc,21,0.0,20251016,20251022,2025-12-02T04:19:28.944817
0x54ff9ccb649b16d0e64d95f2d42d1a08edad7b92,292,0.0,20251013,20251124,2025-12-02T04:19:34.178858
0xcaa5d4b26ee4a13c98b115cd37bc6513d781f1db,6,0.0,20251017,20251022,2025-12-02T04:19:36.869976
0x7777af7a0a25f5df4ed5038c0e733121cc7dad3a,10,0.0,20251020,20251020,2025-12-02T04:19:42.093211
0x3cd22cbd26be7f3176b2dd069cb788b070dfdfe7,49,0.0,20251022,20251104,2025-12-02T04:19:47.361591
0xb067dfe8922690884fb887999321f68bf841f19a,49,0.0,20251123,20251126,2025-12-02T04:19:49.934762
0x62938ac3c1fe3d2a56827137c04a2da2a1ca78ed,71,0.0,20251120,20251126,2025-12-02T04:19:55.550819
0xfab0ef48accd1349b684df5a117e7e29bfe57cf8,920,0.0,20251013,20251120,2025-12-02T04:19:58.559452
0x181398308c18b9880dce3ba2715b5372aac576d4,159,0.0,20251029,20251127,2025-12-02T04:20:01.205375
0xdad5a5dcdb3df0f75d63259ffa7e133b05f4829d,53,0.0,20251104,20251120,2025-12-02T04:20:06.512115
0x6ab645ffb20c5ab0d57c2fd218d4c3bd22273cc9,676,0.0,20251027,20251115,2025-12-02T04:20:09.489584
0x7b73dfae34492a35715ca037b19e006befdbe4cc,980,0.0,20251014,20251130,2025-12-02T04:20:14.801149
0x7656bc53ba39ed940e3d09eb07084f35aee0c204,232,0.0,20251013,20251130,2025-12-02T04:20:17.425501
0xbc4c0177c6b5b1d17d46162dea0714fa4f0369f5,226,0.0,20251101,20251113,2025-12-02T04:20:19.995695
0xe1f43acdddcff3debc5fd6deed8ad721125dd1b5,16,0.0,20251103,20251103,2025-12-02T04:20:22.644194
0xe927f4a34074229d5432c17091af8828514498ef,45729,0.0,20251013,20251126,2025-12-02T04:20:28.153503
0x31f4eb2a0372a6448ea345ade43f521be5dfcaab,305,0.0,20251013,20251127,2025-12-02T04:20:30.800862
0xb4a65eb079bc409e109fa90b6f94b6cb79893e4c,192,0.0,20251021,20251125,2025-12-02T04:20:33.773539
0xef723d97abd6f16d561a0f47e1ce3992e662b5e5,429,0.0,20251025,20251130,2025-12-02T04:20:36.373948
0x77d195224fd4681a69494e46bec189ac74820a05,207,0.0,20251107,20251113,2025-12-02T04:20:38.978474
0x05c6959d997cde99d2f967367e5e9f1959ba9706,1887,0.0,20251030,20251129,2025-12-02T04:20:44.236666
0x3865b5d0db70a7e6781811db3164c727a608bab2,1130,0.0,20251013,20251103,2025-12-02T04:20:46.841578
0xe1d447b9a31e953461f3c0cda1dafc53c3e48c3f,99,0.0,20251113,20251114,2025-12-02T04:20:49.447863
0x69443708e5135532d435b7d1a3b7e6bdc481a800,129,0.0,20251023,20251024,2025-12-02T04:20:52.037321
0x2b796a3b531cae1195545ea2f023bfebddb9aaae,1053,0.0,20251013,20251015,2025-12-02T04:20:55.249550
0x504c278971ec2aa41dc051becf9f4dcea0121443,46,0.0,20251111,20251111,2025-12-02T04:20:57.839948
0x4f0befd294c1fea95d3343e0deb88ea08c6623a6,14,0.0,20251027,20251027,2025-12-02T04:21:00.452689
0xbc1bef8990e4515959a04e60bb5ac9535cab1950,48,0.0,20251114,20251114,2025-12-02T04:21:08.316319
0xce2b4986fb905fc6ac2531838b11bb1be27db810,29,0.0,20251108,20251108,2025-12-02T04:21:10.942735
0x41d33189df621050bd4fc39d3cda5e18eb42949b,15,0.0,20251014,20251128,2025-12-02T04:21:13.555369
0x427efb4c5fcf66ce66b196dc636c2fd570a71885,6,0.0,20251023,20251023,2025-12-02T04:21:16.160596
0xb26e28322e6f3b6854392234b08ad45aba3de7f0,132,0.0,20251013,20251130,2025-12-02T04:21:21.365311
0x84b88546e0b6b9e76f59c384bfe320390a43ea22,78,0.0,20251014,20251017,2025-12-02T04:21:24.019479
0x4bbc592a7b0b8e38731a672939ed5f74df117aab,898,0.0,20251013,20251130,2025-12-02T04:21:26.605097
0xfc7762ac81d76ed9ac544f312dab47f6849ebfdd,2976,0.0,20251013,20251123,2025-12-02T04:21:29.236966
0x786832b0dccd05a0516dc080a8429a512d884dfe,237,0.0,20251104,20251108,2025-12-02T04:21:31.870064
0xc80a38405f929b92bd889f3e5d438c342e498aca,888,0.0,20251106,20251120,2025-12-02T04:21:34.493960
0x7e4e766d0ae5ea9cded0c694669194db92800107,750,0.0,20251102,20251102,2025-12-02T04:21:37.135317
0xefb9bd738480a9030b5f0e825ab1068752e433ec,16,0.0,20251117,20251117,2025-12-02T04:21:42.314951
0x8708955f9dda1a9b88c72c31febab4ce7a23ddde,164,0.0,20251014,20251113,2025-12-02T04:21:45.235440
0x2922b3dec7d51669033801153d57dbaaab35f226,3108,0.0,20251014,20251107,2025-12-02T04:21:47.819110
0x988e36b2acf37f00ac952ca7248bbde2635ff973,1,0.0,20251111,20251111,2025-12-02T04:21:50.446180
0x17130c903430c63ac23b5b6611eedaf749758c29,68,0.0,20251120,20251128,2025-12-02T04:21:53.071550
0x0bfc6c8a8c97ab0126e08cee5064f95cf4ccad37,4470,0.0,20251013,20251104,2025-12-02T04:21:55.693437
0x234415043b1fff486e8315a14f4bcd4af1e7513c,1977,0.0,20251102,20251105,2025-12-02T04:21:58.282148
0xd51e9ba38f64921dbb3b1b4799bb92d0a271625f,15,0.0,20251119,20251128,2025-12-02T04:22:00.877807
0x6399f758c8556766ecab2ef500bd7dc94ab2e967,60,0.0,20251129,20251130,2025-12-02T04:22:03.478906
0xbbc3c815ff8a387e1414945cbfbe20e6fb42053e,8,0.0,20251018,20251019,2025-12-02T04:22:08.823898
0xda65d415cc9d5ddc2a08bdffc996750755fc3cf0,67,0.0,20251120,20251124,2025-12-02T04:22:11.560825
0xc1d6354dbf70251059ee339e40d4cb28c504d90b,67,0.0,20251117,20251128,2025-12-02T04:22:14.163789
0x164f639aa7ea8dda1d42ebfa930d8ccf34ffa327,39,0.0,20251103,20251104,2025-12-02T04:22:16.736551
0x0b03698862aceb894fc3490b89944cb3e7852fe6,25,0.0,20251104,20251104,2025-12-02T04:22:19.388143
0xf543921b724555294fab334e6e6ead770d09c327,365,0.0,20251107,20251107,2025-12-02T04:22:22.046475
0x3d865a982e01b2650ed6388599effe6b05fa9ec6,17,0.0,20251014,20251120,2025-12-02T04:22:24.732127
0xdd65c259a64580a2f43f920dde75bc8ee2e9dd4c,7,0.0,20251013,20251114,2025-12-02T04:22:27.337106
0x157cb1763782765dc01e872592e985b32a50ae06,18,0.0,20251110,20251114,2025-12-02T04:22:29.923762
0x67df2e3647c22197bb63ed3d43b6d0dd949c52d7,564,0.0,20251028,20251130,2025-12-02T04:22:35.118057
0x26bc7563536be15dc816aafbeb443e4527c4624d,45,0.0,20251021,20251022,2025-12-02T04:22:37.701618
0x429b8669949c6502abf1f2ef73590d42dc115b39,15,0.0,20251109,20251109,2025-12-02T04:22:40.314531
0x93102da2543b6cdbb804320db4b52b533c0a7410,58,0.0,20251013,20251124,2025-12-02T04:22:42.906582
0xa36543f295b6b29fad014af7f951eee03cb97549,1094,0.0,20251028,20251123,2025-12-02T04:22:45.592043
0xb5a9c8809bd39cdd159140f66f710de4f5856baa,284,0.0,20251110,20251125,2025-12-02T04:22:48.194944
0xaacf9c280ff816b23af461c67a63fe52326a98f9,1241,0.0,20251020,20251130,2025-12-02T04:22:50.857952
0xc54762fc35c9ff6eebc982100c6d0c7da06dbe08,88,0.0,20251021,20251024,2025-12-02T04:22:53.577954
0xc710a7629a36ff4fc603c7b9a5d333eb6ad3014b,4,0.0,20251024,20251118,2025-12-02T04:22:56.212410
0xe5db4984b325acdbefcaf4bb008f01d8bd5e27f1,3,0.0,20251030,20251030,2025-12-02T04:22:58.813090
0xf899bd08062d5c06a5fb70cf05c199b05343e59c,33,0.0,20251118,20251120,2025-12-02T04:23:01.457675
0xa6d945207fa56548bc869050cb3b41561b36bfd3,15,0.0,20251014,20251126,2025-12-02T04:23:04.170647
0x393451651a91ef458e954db8804d42ae15bbc813,247,0.0,20251024,20251126,2025-12-02T04:23:06.747921
0xeae62a6357207259f2e0c73fbbe4124cd61beb20,99,0.0,20251013,20251118,2025-12-02T04:23:11.966828
0xc51f76ea39fd55de04af2944010fa6ae825ec2e3,180,0.0,20251101,20251127,2025-12-02T04:23:14.634932
0x21e9cef6d86eb2891de9b1136c0f036a8ec2fa62,289,0.0,20251013,20251111,2025-12-02T04:23:19.803556
0x9b30303788deb629efd67f7c1f0dbf15e9a67c01,61,0.0,20251123,20251124,2025-12-02T04:23:22.397650
0x49f9cdd3fa8cae85351dc9cc02be0ca6dd1e6ee5,1090,0.0,20251013,20251126,2025-12-02T04:23:24.984921
0x8885727afa3c71c64a962e3eb9f612db7dcf8f7d,21,0.0,20251015,20251111,2025-12-02T04:23:30.161311
0xb0753354b7fdaac1031617853f6357942e414b09,24,0.0,20251016,20251017,2025-12-02T04:23:32.743182
0xb1e7387f22e3c1268a427194f0cea95d4357f2a3,1040,0.0,20251104,20251104,2025-12-02T04:23:35.340449
0xea75517e2dc1d59eddc8ea6a207a0878c55d55c6,18,0.0,20251028,20251028,2025-12-02T04:23:43.157114
0xcb4a4e83bc5163db8249cb7f64b39399dd5ffab4,71,0.0,20251118,20251125,2025-12-02T04:23:45.852106
0xd2cf1b27e1be90b193fc037b6c043da97cf04283,1118,0.0,20251019,20251019,2025-12-02T04:23:51.119842
0x5ac5fc9f6daf6de2e4f000e4a6bda9ab3f869a00,46,0.0,20251115,20251128,2025-12-02T04:23:56.302900
0x4e935b522d7a4674a91945db6898cd5c313fa72a,228,0.0,20251029,20251128,2025-12-02T04:23:58.904105
0x046cae58ab237cc7eb7ddb23b81a50523e4d9c7d,2,0.0,20251107,20251107,2025-12-02T04:24:09.398412
0x385d1da1104db83b3ff1eccdd30f308a2243f46d,129,0.0,20251019,20251103,2025-12-02T04:24:12.052442
0x9d98535d791d614d3f90b426d8270e82500c57aa,369,0.0,20251013,20251129,2025-12-02T04:24:14.665933
0x4f23f946562d26f62a80c06b4a6909da371cc4f7,9,0.0,20251017,20251102,2025-12-02T04:24:17.263661
0x906bce162e75b94aa50dd7dff03fcca7e1f6be8c,251,0.0,20251120,20251126,2025-12-02T04:24:19.864358
0x77dbf3ac0e76d01a3642430b4357c1283d229905,3917,0.0,20251028,20251130,2025-12-02T04:24:22.473744
0x460674560a8bb5d7208501a2c6cbfe680df738ce,9,0.0,20251117,20251117,2025-12-02T04:24:27.806075
0x2a5927253f50de478a3de40156b130cca75333da,415,0.0,20251013,20251130,2025-12-02T04:24:30.403168
0x973162c7c96d8141b658e6effb5f610e92d322d7,3295,0.0,20251013,20251129,2025-12-02T04:24:38.205571
0x1227c953c70c878408ed29e3fb3ccb6d5b32c3c0,7,0.0,20251116,20251116,2025-12-02T04:24:40.784870
0xefa43e9146a79e3c28bf19d6627a2eb409b2d2af,197,0.0,20251020,20251124,2025-12-02T04:24:43.390905
0xe2cb2633b6868194d4c14d9484e3041bb0bb6425,47,0.0,20251104,20251107,2025-12-02T04:24:45.992559
0x21fb45b2874d260e49c09fbba256da15786fb99d,66,0.0,20251014,20251106,2025-12-02T04:24:51.166860
0x5895c3b1c5be8462796f3a9e728cd0a0ac4a8f2f,73,0.0,20251026,20251028,2025-12-02T04:25:01.700855
0xcac4367e0d15e09ca2a11c550f2a7b370c94118e,304,0.0,20251016,20251109,2025-12-02T04:25:07.414099
0xffeecb37742ced7f8e78fb85a25c57e292670bf4,155,0.0,20251013,20251128,2025-12-02T04:25:15.374233
0x596c2e4a02a6c13427d22ca55f88cf59154a41e4,1,0.0,20251015,20251015,2025-12-02T04:25:17.981417
0x3a1da0ebb29701f4eb11edc52c2101614b23f25a,1579,0.0,20251017,20251130,2025-12-02T04:25:20.579924
0x8626ace9c174a77fde77e752f8d7b60551d88473,5,0.0,20251015,20251015,2025-12-02T04:25:26.006633
0x0077137b6ab435f03d3d97f76ba7b4a18858fcdf,770,0.0,20251016,20251129,2025-12-02T04:25:28.627702
0x5c4a0697f53152e76e13c6a02f3321351dc2d187,668,0.0,20251013,20251127,2025-12-02T04:25:31.300583
0x014d7edd162c664c2e5525d7e97e707a53f08834,10,0.0,20251015,20251029,2025-12-02T04:25:36.613445
0xdbe636734e83a7d1b656cad2797a81a1a33aa26f,40,0.0,20251019,20251020,2025-12-02T04:25:39.240082
0xae10415dcbcc2a7f13e9b302bb8585fdb60a66c9,10,0.0,20251017,20251021,2025-12-02T04:25:41.858721
0x372cb7a789e895e49101b15afcb8b7d91015170f,105,0.0,20251028,20251119,2025-12-02T04:25:47.052676
0x64346ffcd7c9a457ea2a9d07eac089e2bcadeca5,5,0.0,20251031,20251031,2025-12-02T04:25:49.633208
0x37456ea820f9f5573bffac4264f2f3bf846302b7,20864,0.0,20251111,20251130,2025-12-02T04:25:52.321410
0x5537d0126f7b5ffb390446b674a3345d72864d64,17,0.0,20251017,20251030,2025-12-02T04:25:54.917467
0xc46e67ae60101efffbcf23d777ec83268fb1308f,3,0.0,20251114,20251122,2025-12-02T04:25:57.762011
0xb39a1eba42736e3e27fcb556fd358199639d1d66,110,0.0,20251014,20251017,2025-12-02T04:26:00.478024
0xc2fb5b18a335a84dfc2b422a59307b90085b3418,12,0.0,20251031,20251123,2025-12-02T04:26:05.683091
0xcb1211bc6f347a50fa02172ae3d629e0fb9eb48c,9,0.0,20251101,20251101,2025-12-02T04:26:08.298351
0x50174919350fd2944439ba719488b78ec4be9357,154,0.0,20251109,20251111,2025-12-02T04:26:19.114872
0x3b56978773e30bd1edf771acd98638b2aae3f3e1,29,0.0,20251018,20251018,2025-12-02T04:26:21.790626
0xb4f64b5d067087dcbd8eefa709c5a3a072802564,4,0.0,20251013,20251013,2025-12-02T04:26:29.607802
0x54b9f33002b44a43e4cb99a79a3a63512cae6646,1443,0.0,20251021,20251121,2025-12-02T04:26:32.214367
0xe1cd12725d2cafbf83bb1429d41eba5b06916159,58,0.0,20251014,20251024,2025-12-02T04:26:34.819580
0xc1459e02aba0e79c1be8be51fab8fb3c053f7573,45,0.0,20251123,20251128,2025-12-02T04:26:37.473881
0x45d2489ae3b7536d0b933859337e8c16b8859b84,1256,0.0,20251017,20251119,2025-12-02T04:26:40.085564
0x30da5f3d8c8d428bcc43d8931530f3b3efe8c34c,88,0.0,20251024,20251029,2025-12-02T04:26:43.541185
0x788ed0671753e3ebb97aab33ed4cbb40f1aa6d7d,92,0.0,20251129,20251130,2025-12-02T04:26:48.775381
0x35b42edf17df1647c907b4ddb643a934724f8108,331,0.0,20251013,20251030,2025-12-02T04:26:56.643919
0x9827464d9b3819a40d1c85444b01ec5b43107f83,10,0.0,20251031,20251123,2025-12-02T04:26:59.254749
0x7f7a7b1366612dd864c1e321e51bdc156f7ae966,126,0.0,20251013,20251104,2025-12-02T04:27:02.069690
0xb30983eb1abf4621e26302ecca2db6f41bd1732e,10,0.0,20251013,20251020,2025-12-02T04:27:04.654801
0x7a2dec2cf9247964f22afae48fc7d6ad5b71e137,212,0.0,20251015,20251128,2025-12-02T04:27:07.321648
0x75959182106e50684e6640391edf72691162f256,7,0.0,20251013,20251015,2025-12-02T04:27:09.894324
0x8eaffc2fb3e644362c3ef7213b421ea7930670d2,15,0.0,20251029,20251029,2025-12-02T04:27:15.087749
0x06a5e3c362e987ea46b708457592deabf21bb060,2,0.0,20251121,20251121,2025-12-02T04:27:17.712228
0x3d3233156c7a58986f05b3f4c8c539c72502b107,170,0.0,20251031,20251106,2025-12-02T04:27:20.316005
0x6b67cb5a6ebcfa3519350f8ea62205967ddaf1a7,55,0.0,20251017,20251017,2025-12-02T04:27:22.978909
0x032596a72e25e87ba6c4748560a67b7e62860f20,9,0.0,20251108,20251108,2025-12-02T04:27:25.562430
0xd807f75cd377aac342629a67e4775e9f74dfbb75,1061,0.0,20251013,20251114,2025-12-02T04:27:28.228589
0x36f3383931c49d1359c7f2efdc45d12119220423,1,0.0,20251121,20251121,2025-12-02T04:27:30.867716
0xe145a97a01ac61fd5faa866c15f58e672c532243,1773,0.0,20251014,20251130,2025-12-02T04:27:33.547631
0x613767f30ebcb4960a98d7b439b33fe8591f4e5a,34,0.0,20251020,20251027,2025-12-02T04:27:36.176149
0xa488cb59af486c1ebd8f36b905a75abb7f7dfc76,91,0.0,20251030,20251103,2025-12-02T04:27:38.855552
0x9e4b843efa34b71dd477a7c56167b8e837ac5847,16,0.0,20251016,20251021,2025-12-02T04:27:41.455529
0xce5179a6727dc7ac199ee999ba995dfae1152c55,10,0.0,20251015,20251021,2025-12-02T04:27:44.085596
0xf3fb0b301ff6482461b1f3f231a18ef3cc1050dd,1,0.0,20251109,20251109,2025-12-02T04:27:49.319254
0x4b30f55490179e4b690bd1409e861ac9ba602391,42,0.0,20251016,20251121,2025-12-02T04:27:51.927377
0xab73d686716339ed1f96829e59a5960fa34ecd7a,86,0.0,20251016,20251030,2025-12-02T04:27:54.556200
0xd0860d3ec6a01554e7c53125daa363a07716e9fe,23,0.0,20251108,20251110,2025-12-02T04:27:57.172825
0x6977b3781d2666c9712d1d67ace2a3656b2ec8fa,28,0.0,20251120,20251121,2025-12-02T04:28:05.219341
0x7e27c3cf3dae568e00a4f29fde3e2f8a58240346,129,0.0,20251124,20251129,2025-12-02T04:28:13.264099
0xc67ca6b51c428eda4c0f3753a6b8d2ee9ab4da0f,4,0.0,20251028,20251030,2025-12-02T04:28:15.873334
0xcabfb1780363d4ea8dc66f58c018b659f1ae65c3,19,0.0,20251027,20251027,2025-12-02T04:28:18.532631
0x61bdc5862bad3cff46855cfeb58a626cb622aaaa,1,0.0,20251103,20251103,2025-12-02T04:28:21.348284
0x15a5b00363ea57814a6a10800e949cde3dac6586,168,0.0,20251024,20251024,2025-12-02T04:28:23.993660
0xe14c1d23d6a787bb8756e300732df9c3922c552d,155,0.0,20251028,20251124,2025-12-02T04:28:29.260649
0x5a40a3963a4cccc1ac30cf5b0ecc1cc8108b4dd0,839,0.0,20251117,20251117,2025-12-02T04:28:34.532078
0xa39479c399821778f875aed1c2df9c18e55d1648,1,0.0,20251029,20251029,2025-12-02T04:28:39.788593
0x2f0d360d090e6cbdb0116b26a492399c226741cd,194,0.0,20251016,20251120,2025-12-02T04:28:42.481266
0x3ba56079b37331227396faba411e9f80c3226ad2,626,0.0,20251013,20251021,2025-12-02T04:28:45.113505
0xd32bcef3508485737e783c119836fea013d51034,111,0.0,20251102,20251102,2025-12-02T04:28:48.099988
0xbcfd830b7d12c8222441eca627cd56c249a19841,36,0.0,20251107,20251107,2025-12-02T04:28:53.390238
0x853c6d722c0bcf77a7aa9f08d96b06f13dd89949,5651,0.0,20251013,20251127,2025-12-02T04:28:55.986206
0x6bd958346cde7548bbcc35929709853fda090c94,16,0.0,20251104,20251105,2025-12-02T04:28:58.575775
0x1e6da01cf34373cf673434e51dc3124b70ba4663,560,0.0,20251013,20251130,2025-12-02T04:29:01.173140
0xa0c65c7ff2423fb3e722bbedf3a5b4f4c6a56a23,17,0.0,20251126,20251126,2025-12-02T04:29:03.989717
0xdcdd09da8860186b3aa7ccb17c88c2845e24d17c,174,0.0,20251120,20251130,2025-12-02T04:29:06.685856
0x8dfb5e4bf666f696735c31082e3e76a308e4a5dd,51,0.0,20251015,20251017,2025-12-02T04:29:09.301572
0x528202202caa4692051d8847e72caee8fe78c851,148,0.0,20251015,20251127,2025-12-02T04:29:11.904229
0xa23c4c9a9ceb4950c10890e076d2b4949cef16f4,429,0.0,20251013,20251118,2025-12-02T04:29:14.528739
0x2f8fe5a45e061756c419b098a61dcde3d3ab9453,24,0.0,20251013,20251013,2025-12-02T04:29:20.155137
0x86373db3b48dd37b5c1acca5c3cf17d7099ab0f2,2,0.0,20251017,20251024,2025-12-02T04:29:52.861266
0x080f52695117675a90b00932c01e883ed2515ab5,11,0.0,20251015,20251030,2025-12-02T04:29:58.133472
0xdc110c4dadd86092eadb1be08ea84ca8a455ba17,27,0.0,20251111,20251111,2025-12-02T04:30:00.720407
0xdefa74f32d79d67ba1bae448c009333d9b73f31b,34,0.0,20251013,20251017,2025-12-02T04:30:03.416333
0x2822ed68405ab5da895f7546c820707625164a9b,18,0.0,20251105,20251106,2025-12-02T04:30:06.055756
0x0e9798600129c4b00c1d8f1f1524fe016ef4b70f,19,0.0,20251024,20251030,2025-12-02T04:30:08.759504
0x99271b5ccdd23931e313fb4de1ce064f8cc84199,14,0.0,20251026,20251026,2025-12-02T04:30:11.360830
0x9cb489ab8f9a6ebc05ab0af81420d8332231bc70,807,0.0,20251013,20251114,2025-12-02T04:30:17.368095
0x88ac7261c50d2a4718419147c551047b72c00bb3,1,0.0,20251103,20251103,2025-12-02T04:30:20.006002
0x36a935c1f86ee8908fd7dfc622a74c14d2cfa1da,136,0.0,20251123,20251124,2025-12-02T04:30:22.632136
0x17ad11b7e65f1c6f1dcfbbfa9e4a49179c3947df,22,0.0,20251125,20251126,2025-12-02T04:30:25.337783
0x0e1d7946bb672fef553abf2dcd4a0f427a34b334,69,0.0,20251016,20251127,2025-12-02T04:30:27.936346
0x777d76053fbeaa2cc97c2272a17bb7e753874a54,217,0.0,20251014,20251104,2025-12-02T04:30:30.548881
0x29af14ff64970c6d278015fc51c4f8bf6d56aabd,4,0.0,20251104,20251104,2025-12-02T04:30:35.828797
0x7de588ee221877a53185e3a3de5da1aa55ec0b89,14,0.0,20251014,20251020,2025-12-02T04:46:11.952131
0x346931ac3ca241a4d359f7e526987f2a693d70af,81,0.0,20251031,20251031,2025-12-02T04:46:14.576097
0xff980abef016cb38b7280928e98e929bf0624c15,35,0.0,20251102,20251102,2025-12-02T04:46:17.197713
0xd4ba2b23f5c23c63981586a734e9cd7ee32e06ac,2,0.0,20251121,20251121,2025-12-02T04:46:19.797468
0x7136b8cbcd212144351c3491b7b1bd76f29c213d,1266,0.0,20251013,20251128,2025-12-02T04:46:22.628813
0xc9406f80b50025b34b0d1ddd6a098cc1a12d58de,127,0.0,20251013,20251030,2025-12-02T04:46:28.477478
0x88222ce80472e60d1fa44843b9e1da88ec73d685,69,0.0,20251022,20251025,2025-12-02T04:46:33.770576
0x4947e2aa7bf06206ea7512d0e3ac6167e5cdb9a2,921,0.0,20251013,20251130,2025-12-02T04:46:42.328739
0x38f17eb98210ebdf2712fff3c4705dcff511d468,586,0.0,20251109,20251115,2025-12-02T04:46:44.973700
0xf8f056ba3a235b6647f08a4b391ec7e5e0b55e4d,657,0.0,20251015,20251125,2025-12-02T04:46:50.303280
0xcfd68f69b5ba0d2d1609aa30517e35449772cbe3,146,0.0,20251016,20251114,2025-12-02T04:46:52.964749
0xb8d2d6391502e20c7a0758846f328629e7f19eaa,113,0.0,20251014,20251017,2025-12-02T04:46:55.556766
0xfa897365414b5c038bab069c89a02b2d55c0146b,29,0.0,20251016,20251127,2025-12-02T05:02:53.657500
0xad42e6d80cce1fddbdfb5c819ce5baa331e9d21d,19,0.0,20251107,20251107,2025-12-02T05:02:56.266894
0xbd84a5fc438f92ad7052c1aa722ade739f21ae11,1970,0.0,20251013,20251025,2025-12-02T05:03:01.565641
0xb504de34a8e64b2cade4f67c27da0555054b9355,3,0.0,20251015,20251015,2025-12-02T05:03:04.183908
0xe1c7707b25922525ac8bd20d9aac0f835c5e7f08,26,0.0,20251113,20251130,2025-12-02T05:03:09.466647
0xb1f38b963535326a00a77b03f7b1c08b09655c71,18693,0.0,20251016,20251129,2025-12-02T05:03:12.366447
0x5b1fa1c7762b78c17042241949c69c2ab6ee5cfe,38,0.0,20251013,20251124,2025-12-02T05:03:15.009273
0x122fe5d43f1f917353576987d645418d139cb48b,136,0.0,20251014,20251128,2025-12-02T05:03:17.988683
0xfbe6b050a4d5f3a3919028c24bcc22547c6ecc58,2,0.0,20251101,20251101,2025-12-02T05:03:26.205793
0x665acdbd41f43f19619dd9814c86343cab3e7860,43,0.0,20251030,20251030,2025-12-02T05:03:28.815583
0x2c4c485d07a39c3e8ed46d82f342d0f824177204,47,0.0,20251026,20251026,2025-12-02T05:03:39.312160
0xb0a3e2483178f11df675d0e707ff677886db3dc9,943,0.0,20251017,20251122,2025-12-02T05:19:12.979146
0x5baa34e8fdb2dcead4224f130cd697cd24176f1e,18,0.0,20251026,20251026,2025-12-02T05:19:18.259225
0x475b9d73167625c0ea401d4019b344cb2e398c0d,1713,0.0,20251013,20251028,2025-12-02T05:19:20.861892
0x2809d5d8f8771c9278ddf0a2d452501ace7d790a,53,0.0,20251016,20251030,2025-12-02T05:19:26.103533
0x499b90a8ce743fe65243abd89cce50e63b9938f3,1,0.0,20251023,20251023,2025-12-02T05:19:28.747940
0xc347be66acc6e72eb9a689b11b0ad29060130743,173,0.0,20251029,20251127,2025-12-02T05:19:31.362282
0x7ad9ecd7940b6a49119b6ce4b14bec6c4dbd36fd,175,0.0,20251013,20251124,2025-12-02T05:19:37.199933
0x2d7ea74b7df59fe7514e4ab277c16cc9a680d7b9,2,0.0,20251120,20251120,2025-12-02T05:19:47.925962
0xa162947468ed989a415eea7fb80ecc8d51da4c1f,2,0.0,20251024,20251024,2025-12-02T05:19:50.720537
0x5d7ded38eee84eab2e2ce3ad95df3bee496886a1,114,0.0,20251023,20251023,2025-12-02T05:19:55.957491
0x11f5f3aae6d07bf1e050adb437667e949b5ef603,160,0.0,20251022,20251118,2025-12-02T05:19:58.625554
0x8088077af942c903a3ea39ec35a43f81f6faa46c,10,0.0,20251127,20251127,2025-12-02T05:20:04.444782
0x9eebf6d80113878444f873a812805ebbb86b36a0,244,0.0,20251015,20251015,2025-12-02T05:20:09.758700
0x154dfdc4e8b6b6145f9ed6ce78c1dc14b7b07e20,4,0.0,20251020,20251028,2025-12-02T05:20:12.374828
0x43c18eadf0ad69d3fc9cd5507a18fd35919c15b0,1977,0.0,20251019,20251130,2025-12-02T05:20:17.652926
0x8a5f16be66c239b063e1d12d430cf1b3da2ab9f5,14,0.0,20251022,20251127,2025-12-02T05:20:20.437064
0x22f9b3d8c461cbc68a9fe9296df07500009188bd,2,0.0,20251014,20251014,2025-12-02T05:20:28.637020
0x5aa13316231716ea438eb243feabc296a9094b2b,50885,0.0,20251017,20251126,2025-12-02T05:20:31.265727
0x9798b88fcda145f7ce59e1e3057ddfa6c4bda1d4,47,0.0,20251108,20251108,2025-12-02T05:20:36.466514
0x6575b595806cff7a6f7f350a66e1d6168826c4c1,44,0.0,20251013,20251122,2025-12-02T05:20:39.101219
0xc523128600765be7035f05c025ac8e117a42dd89,5,0.0,20251020,20251020,2025-12-02T05:20:41.698838
0x374888ac192f603fdeb625463a51517b0f79f85c,5,0.0,20251106,20251106,2025-12-02T05:20:44.308343
0x45a05f1f6c069610e0d49f75ee5f592bb60de959,27,0.0,20251016,20251121,2025-12-02T05:20:52.386253
0x7d86ef4662d0933d229c85a10ebb91afad138f47,261,0.0,20251127,20251130,2025-12-02T05:20:57.711920
0xc9d94dce697be72df2875bd6cac4bda2a5dc1fef,16,0.0,20251107,20251107,2025-12-02T05:21:00.357091
0x50007d580f2921e6dc9fdfb41d5786e5f3db8fa8,10,0.0,20251031,20251123,2025-12-02T05:21:02.972666
0xa78709d5b447621d4a0d9737fba71df34a7c57e6,240,0.0,20251013,20251120,2025-12-02T05:21:08.242430
0xbd37487f53fe6574bf85ed77474870d9624bf517,2900,0.0,20251014,20251015,2025-12-02T05:21:18.846283
0x45988e45be7a93395934c684fc6ba780469938b3,399,0.0,20251028,20251125,2025-12-02T05:21:24.109078
0xd8cac99a6b186c9e5106f363dd7bb2c135ca944f,84,0.0,20251129,20251130,2025-12-02T05:21:26.794670
0x4119c2214c0647152b29e4d4a32995ab385e08c0,4,0.0,20251027,20251027,2025-12-02T05:21:29.392077
0xdb713c0b4ddd6e7a466236c0cbfebc5e79e8c3e9,56,0.0,20251127,20251128,2025-12-02T05:21:34.679385
0x1cc972ff969689873f8010bdd0cf3dc30618397e,3478,0.0,20251013,20251031,2025-12-02T05:21:37.286878
0x1f8a830fa5769c7e835308fa01ed8b82559991ef,12,0.0,20251128,20251130,2025-12-02T05:21:40.803063
0x275065b9ed93a5836dc771b25f4fd85b634fc1fb,265,0.0,20251021,20251128,2025-12-02T05:21:46.124971
0x7a80175a1d80bd5e9b938b25bf563ddd8c7d4245,969,0.0,20251017,20251017,2025-12-02T05:21:48.743709
0xc13bc957065d6c9a079d7d36d2b10452d13b5c31,13,0.0,20251103,20251111,2025-12-02T05:21:54.584986
0x6e7f0c851772d7fdeb95d67dea8f245d8a7717a1,29,0.0,20251126,20251130,2025-12-02T05:21:59.916498
0x907e889e00daa6b49608af2146d5b842cc3845c0,13,0.0,20251014,20251124,2025-12-02T05:22:02.561017
0x0a522be633b063aee34253aae2fcb94e9c4d1903,72,0.0,20251015,20251114,2025-12-02T05:22:05.715640
0xb69d279538216463640889cc25685b27b8b16a9f,57,0.0,20251117,20251126,2025-12-02T05:22:08.386228
0xeea048359dcc800128c5c01520e38a94b8c22e43,1192,0.0,20251013,20251130,2025-12-02T05:22:11.007379
0x5c229b8d46a1e0702d7d2f7c3cefa10b1199fd80,35,0.0,20251031,20251031,2025-12-02T05:22:13.649422
0x1283a94c464e1c97575f43899da86d963eaa3051,6,0.0,20251107,20251107,2025-12-02T05:22:16.289955
0x6eeaaceb374ef9b89560ba9be287f8a98020e219,113,0.0,20251129,20251130,2025-12-02T05:22:18.896760
0x2218cd12c0402e3fd3693148de476b299f658675,446,0.0,20251013,20251114,2025-12-02T05:22:24.754049
0x25f69051858d6a8f9a6e54dafb073e8ef3a94c1e,25,0.0,20251017,20251029,2025-12-02T05:22:27.361957
0xc1d68ce6ecbbc573a099c2098b2dd6d61ae698f0,10,0.0,20251103,20251104,2025-12-02T05:22:38.041817
0x965244b2aeb19b9f6f690a9320e6ea4929c11d5f,3,0.0,20251111,20251111,2025-12-02T05:22:40.663257
0x6d45a9a902970e153534c8e9ea6a4e2c234cafab,298,0.0,20251014,20251126,2025-12-02T05:22:43.356321
0xa479b012edfa4ee898a55e873f8c4aa2f9b5c79c,223,0.0,20251017,20251128,2025-12-02T05:22:45.953320
0x2a69c6188970a266680f2d004d0dcd66ef38b473,27,0.0,20251119,20251122,2025-12-02T05:22:48.583965
0x36dff97fd1a9c9c99019c7eb85da3756da6890db,132,0.0,20251124,20251130,2025-12-02T05:22:51.265677
0xabfcbd33c33040639f0cf08d77925767df87fbc3,1896,0.0,20251013,20251023,2025-12-02T05:22:56.462225
0xa1ae17e331e0e52fa5a843fd11b9293dfa6613aa,523,0.0,20251105,20251128,2025-12-02T05:23:01.783653
0xb7bce5424fd593ceb49acf459e22c95210507b90,1687,0.0,20251103,20251107,2025-12-02T05:23:07.558928
0xe75a62c1210300e6a7a79444862db0a8fee02244,34,0.0,20251021,20251112,2025-12-02T05:23:12.968828
0x908cba901f8c8bcb9e881849c820a310045eec9f,30641,0.0,20251013,20251122,2025-12-02T05:23:15.582788
0x100fe71c6903685b35bf3183c0abf536600f9f60,6,0.0,20251113,20251113,2025-12-02T05:23:18.188128
0x08a0d6ff6fd9cdd29ba4855639c1d8b1355ed58d,56,0.0,20251028,20251130,2025-12-02T05:23:21.672972
0x14a70d47f92442c9a7eb7ff61439a5700b89a64a,9,0.0,20251019,20251120,2025-12-02T05:23:24.273520
0x86aff1c785d132172f36c73c55f84532cc5463de,16,0.0,20251107,20251108,2025-12-02T05:23:26.883670
0xb54519100a0879a30516342c46bea610832a94f3,108,0.0,20251013,20251104,2025-12-02T05:23:32.307888
0x51217e379721ce55a825e73080414ca9b3bbd784,8,0.0,20251031,20251123,2025-12-02T05:23:34.926270
0xc209c271f9bf58cbbca3f3d876e90f201f48e5d4,12,0.0,20251016,20251126,2025-12-02T05:23:40.124149
0x9eb7af3512f76c9b928f7600ea08c6203919d9b2,48,0.0,20251014,20251116,2025-12-02T05:23:42.734193
0x2ba592525d2d6acbb47f6cbe19dc1416255e1a82,789,0.0,20251017,20251031,2025-12-02T05:23:48.019893
0xa9f320b17eae72e738a445687c27d99d52da1f43,28,0.0,20251015,20251113,2025-12-02T05:23:50.647308
0xe8e03821e3ef26221a9f95998283dc36ea08ad13,14,0.0,20251105,20251106,2025-12-02T05:23:53.271998
0x4dc77bc8a2940c2a8e85dd6a85b680cdca1142d5,94,0.0,20251015,20251104,2025-12-02T05:23:55.927278
0xc20b786778643c5ae7b86fafff1e217ff2f09b36,7,0.0,20251016,20251016,2025-12-02T05:23:58.609265
0xedb92857d0cabe5441392643198582a320dede52,3,0.0,20251023,20251023,2025-12-02T05:24:01.601202
0x63198a1688fd2302c5e576ade7b2570bb44bb537,15,0.0,20251030,20251104,2025-12-02T05:24:04.209162
0x110493a8ce5d08b64bf0551e03613dfaba852096,164,0.0,20251016,20251120,2025-12-02T05:24:06.886634
0x9fb79ee0ac752f745b79a77ef9cf90354f8559ad,10,0.0,20251108,20251114,2025-12-02T05:24:09.578647
0x5910aad8ef5a195579d8a83e725b48925fb9c493,565,0.0,20251110,20251129,2025-12-02T05:24:12.182622
0xdbe7c78514cb89d068c78ed40d482887888f63ed,99,0.0,20251029,20251104,2025-12-02T05:24:14.789692
0x87f321a8f31bc63f6c36eace76ef6e258d028b16,17,0.0,20251117,20251117,2025-12-02T05:24:17.747301
0x5065be058d358e8089d2279cb991c1ca859ad2ac,3,0.0,20251126,20251126,2025-12-02T05:24:20.358453
0x58f0ffc605dcfa5263b285fdcb5269d76fcde5b9,544,0.0,20251017,20251128,2025-12-02T05:24:22.939171
0x008c6f4ceeeff5124fd256db93b332b0928eefb2,2,0.0,20251120,20251120,2025-12-02T05:24:28.158369
0x6f65ba0398a030f842c2e0de25ea57a9ca87ba8c,1179,0.0,20251016,20251113,2025-12-02T05:24:33.344205
0x353b44864406a7c467809b28300dd1894a4055f8,2,0.0,20251117,20251117,2025-12-02T05:24:38.596897
0xc874875bd108aae0ea91888becd03dc0537231c2,5545,0.0,20251013,20251110,2025-12-02T05:24:43.892854
0x44ace53abbdad763e91158d30a2ee42b27355f22,109,0.0,20251014,20251120,2025-12-02T05:24:46.728378
0x4dcfb023b81da972e654d20d769b67f0e9d4bd31,43,0.0,20251029,20251105,2025-12-02T05:24:49.346564
0xb7731af2de531caa22df66e66c602f13d60bceb8,68,0.0,20251114,20251119,2025-12-02T05:24:52.603338
0x8e1bd5a78ea3d1dae101ae1695fbc1376b40e430,431,0.0,20251017,20251120,2025-12-02T05:24:55.227437
0x79a683eedbb17bc8bb0e9ba2e14bf77d28150186,5,0.0,20251106,20251106,2025-12-02T05:24:57.952722
0x1d7177e6dc59bea0b80dc867d51868d617885878,265,0.0,20251022,20251126,2025-12-02T05:25:00.546637
0x00f91504046cb47d24b7ac9ee6ae8f407bdca65f,1416,0.0,20251013,20251126,2025-12-02T05:25:03.272211
0x42fd5648cf21c158d15e4f58785760755b3f6623,5465,0.0,20251013,20251121,2025-12-02T05:25:11.344365
0xde1e314075dd7be5913a1a6c6975a80ecd76c74d,41,0.0,20251017,20251130,2025-12-02T05:25:13.978762
0x54d49a82e7bee1fd759f4c58ba5e026277575019,3,0.0,20251122,20251122,2025-12-02T05:25:16.966014
0xdfdea862f75659d8d5ce9d598a2be194013d2bff,1346,0.0,20251016,20251125,2025-12-02T05:25:22.238261
0x24f5ef11e49ac8068f570b14749feac7c0f0122e,16,0.0,20251025,20251028,2025-12-02T05:25:24.877006
0x22520d8bd8ee372d333ad2529f2c0675ec7df3ed,751,0.0,20251014,20251111,2025-12-02T05:25:35.383903
0x6defce945a0d8f1a9fe045c83516c13cf1bcfd1a,2,0.0,20251031,20251031,2025-12-02T05:25:38.075431
0x810c2befba4513c79195c9de04ec38c872eba6b1,11,0.0,20251102,20251123,2025-12-02T05:25:40.672518
0x294c189cb5f98ee91bd65cb9d74d6c164bfaeb9b,403,0.0,20251025,20251108,2025-12-02T05:25:43.307085
0xae3aba783eb04d67bf9d12838c0e58ae88e5a62e,19,0.0,20251031,20251114,2025-12-02T05:25:48.540857
0x1b986bbffa3f0fcedf87e0c722e879c4f47b2e6e,251,0.0,20251116,20251121,2025-12-02T05:25:51.151576
0x897cf58e552ad951821118f56c7eb85a5019b72c,2,0.0,20251129,20251130,2025-12-02T05:25:54.258129
0x1daa467f99e2c8a18aef2bb9574cb8a32789d557,14,0.0,20251102,20251103,2025-12-02T05:25:56.845315
0x4c6cdb2345d3ac74b4ea47d586ea1da2fb2fe1dc,37,0.0,20251013,20251017,2025-12-02T05:26:10.693623
0xa02f1c4df430999f45f7201d8f5b88b2b5fbabc8,5,0.0,20251104,20251104,2025-12-02T05:26:13.324041
0xf343f1577ac982e47d5d3cabe579689134b0efed,1613,0.0,20251028,20251030,2025-12-02T05:26:15.942427
0x9bd6cc3414d3896464181b6842b04befe88bda15,9,0.0,20251120,20251121,2025-12-02T05:26:19.173790
0x8a944f695ec7ef4812b66bf57acfcf7e7f5ece2b,14,0.0,20251031,20251123,2025-12-02T05:26:21.782189
0x592d88a2071674dce09fe4b7d073bc221e546a6a,60,0.0,20251018,20251128,2025-12-02T05:26:24.386415
0x43e1eeb3670134162d72c7333acf6a30ad61fd47,144,0.0,20251025,20251117,2025-12-02T05:26:26.992009
0x9ed1a07bff29bdcf3b336c3796c2b383b15fca88,759,0.0,20251013,20251120,2025-12-02T05:26:29.606393
0xa3c58ffc09041d26d7fe05f92a3b30c0e15dd06d,83,0.0,20251123,20251127,2025-12-02T05:26:32.256558
0xdb990d29425d5857b0d90e8ba4ab6180b3c8cb6c,230,0.0,20251014,20251113,2025-12-02T05:26:42.944647
0xcc660e4a6b1b1766911bf5e75e10b6aa66683b48,787,0.0,20251017,20251104,2025-12-02T05:26:45.653880
0x19fed44332128ff3eba98010f450ca0c598341f0,5586,0.0,20251013,20251020,2025-12-02T05:26:48.283182
0x7e8faec788672920f52219bd815dd8463d5273c9,3472,0.0,20251013,20251121,2025-12-02T05:26:50.885397
0xa7248e71ff1abf2f0b1b94ad9f16306fde103a36,22218,0.0,20251013,20251129,2025-12-02T05:26:56.301348
0x609cf87d2a43e0a1ca9f96fc6109a9aa89604376,6,0.0,20251024,20251024,2025-12-02T05:26:59.402625
0xedd707437fa59c6e962c6ea5a609aeabd2a341b7,538,0.0,20251024,20251024,2025-12-02T05:27:02.022804
0xf4fe3e8a9579ab3c446c6f67a881a70f89445091,1,0.0,20251115,20251115,2025-12-02T05:27:04.741921
0x87f67f4f4cca33ce91927d3b21e9597b85f8c925,4,0.0,20251124,20251125,2025-12-02T05:27:07.442754
0xa2eae658a8fd9685e26e0aadd8d8f39a32af7fe0,2,0.0,20251121,20251121,2025-12-02T05:27:13.701567
0xa61ca98f3780b37104887d2ae25e0d7cb74582b3,23,0.0,20251122,20251124,2025-12-02T05:27:16.333203
0x5a48921f0aa86ee4dd9f4c8cb53304d0f70822c0,9,0.0,20251022,20251022,2025-12-02T05:27:19.002274
0xad64f33fe511c30fb2219ad4af0f1144e186a745,3945,0.0,20251013,20251130,2025-12-02T05:27:21.624245
0x3131e29587fe93f5107e3d89fe8cf89ae2c3438d,86,0.0,20251013,20251111,2025-12-02T05:27:25.148731
0xd1c1786908c0ad3be9436c68fd4902a2abfec9a5,9,0.0,20251015,20251015,2025-12-02T05:27:27.815416
0x45b357efdcceb7f46d41539326e9e87fd29d869c,7,0.0,20251014,20251103,2025-12-02T05:27:30.487167
0x1b45d4e0fa0b60ca4556b66a6a8dd79d7e2405e8,264,0.0,20251014,20251118,2025-12-02T05:27:35.734715
0x98ff4586bebb8b9cbb567e98ef41df5904e5eeba,566,0.0,20251013,20251029,2025-12-02T05:27:38.698296
0x5aca7414785cbc3e136a0ba57983219685ec0a03,30,0.0,20251020,20251020,2025-12-02T05:27:41.423693
0xba61e44634dfa1fd81c1d55d003e65118a202760,11,0.0,20251020,20251102,2025-12-02T05:27:44.065806
0x745eeefc2363c1fe035de5460fb3e5b4ad4e341a,16,0.0,20251028,20251105,2025-12-02T05:27:46.763952
0xdc27a04ea887d892681693fb5115273244891fc9,5,0.0,20251020,20251021,2025-12-02T05:27:49.800052
0x53ba2e26c97f06ac4357739620c679144d6f01e0,98,0.0,20251013,20251030,2025-12-02T05:27:52.436904
0xf40e7aec17a67586b0ed0f73a18db5323c01f5d6,5,0.0,20251117,20251118,2025-12-02T05:27:55.049679
0x9bbf7308dfd3f28c09ee9db550d25f46ed731989,449,0.0,20251013,20251129,2025-12-02T05:28:00.515033
0x3d1c7e6b4c3f927cee6be397b940c0e6160a9e62,19,0.0,20251113,20251120,2025-12-02T05:28:03.145679
0xa842c1c3855b318217b737cef4c09799dea7028b,42,0.0,20251112,20251113,2025-12-02T05:28:09.311322
0xff33a29d677ddbdc14b9d68e6fdcca3115f1ee37,10,0.0,20251030,20251127,2025-12-02T05:28:17.555911
0x0e4cb2aed1c89ae3afd53baf5e06d92baaac75fa,102,0.0,20251123,20251127,2025-12-02T05:28:20.310895
0xf4bda7fdcbab18d8f57e4f9e863d655167ebb322,1115,0.0,20251013,20251031,2025-12-02T05:28:22.998398
0x3f38e2efe1e9468518cc2245f9032f2f79f0b8fa,27,0.0,20251127,20251128,2025-12-02T05:28:25.638556
0x01eeda1b1d5d84dc759bc846bd3f81e1a60a746e,9,0.0,20251023,20251023,2025-12-02T05:28:28.308820
0x4b557420fecfff270a3150afa0962eb16e5e25dd,1688,0.0,20251016,20251107,2025-12-02T05:28:34.101631
0xebe6a3ed28a00b0e51f38a6914b1dafb240fa9db,35,0.0,20251028,20251028,2025-12-02T05:28:36.700537
0xc882226bf160debbd65cbf77522786198707853d,10,0.0,20251114,20251124,2025-12-02T05:28:39.333929
0x50f26fa318ca9294993cd1843f8f5cd677fe0b1b,312,0.0,20251013,20251126,2025-12-02T05:28:41.935379
0x632c9d55ebcca152488018b3cf80472216d1f4cc,841,0.0,20251028,20251130,2025-12-02T05:28:45.138658
0x49dab3b6fd70cbdece09a09f364d22393ca7b258,1842,0.0,20251013,20251126,2025-12-02T05:28:47.826791
0x56f4fc7495f3fa8fbc97c5627c48af145acc26bf,44,0.0,20251015,20251102,2025-12-02T05:28:53.121690
0xd8bb22628688f4b7b1c3f072f06ceb9b8f28c077,4,0.0,20251028,20251128,2025-12-02T05:28:55.760173
0xd664bd2ee31df62a25a6c382763fa2a6cacfc01f,4,0.0,20251125,20251125,2025-12-02T05:28:58.399082
0x8a1b0a9cf6a6394c6204f30eadb3a03fa7770151,69,0.0,20251016,20251128,2025-12-02T05:29:01.001641
0x7f9555d468ddfce6dbb465b206ed10669a201224,2,0.0,20251025,20251028,2025-12-02T05:29:04.196430
0x8c115be1a8906934973963d8a7e1c6e6a1693a4d,604,0.0,20251104,20251104,2025-12-02T05:29:09.628511
0x8d64cdf65b93988a08c6eae71418333369c8be0c,18,0.0,20251019,20251019,2025-12-02T05:29:12.296573
0x0fa2697ea201f570896beb2643b0250fc24aa8d4,3,0.0,20251108,20251110,2025-12-02T05:29:15.220292
0x36b3cc2eb27ef73aba172b0a1b094459884d574f,18,0.0,20251107,20251107,2025-12-02T05:29:23.234007
0x174f6bcf9efe11ebc13800ca8895a8772cdaef10,44,0.0,20251015,20251015,2025-12-02T05:29:25.822553
0x13d16778787d549cbeed1592cdb934676b60ad85,7709,0.0,20251013,20251128,2025-12-02T05:29:28.566980
0xf95183581af7bcc071f17c686f1012fba5b2d0a7,24,0.0,20251104,20251120,2025-12-02T05:29:33.995678
0x0b35637046a9e4f1ba774538aa4d819da0fc2cbb,14,0.0,20251102,20251102,2025-12-02T05:29:36.624587
0xaed1a0ec57edd11be7162543c5879ca6309e44fb,89,0.0,20251112,20251126,2025-12-02T05:29:39.210056
0x7a369e110cc293117ace457aa382a6843ddede20,127,0.0,20251013,20251116,2025-12-02T05:29:44.457634
0x1b3668b46f7d34ba77fbf8ac2dd32a863197feea,1661,0.0,20251021,20251127,2025-12-02T05:29:47.060012
0xc744c8e4de4684e40fbf72179e56b8482ad99be8,1,0.0,20251103,20251103,2025-12-02T05:29:49.730571
0x86fcc64d6551ad7e7e411a5968852627cd395e96,11,0.0,20251031,20251123,2025-12-02T05:29:52.334653
0x3dcbcb4ba3fd1779e83496093fef38f7645ac6db,80,0.0,20251110,20251125,2025-12-02T05:29:57.559485
0x7f9436a9d47fe45b2d815b7093c77d1b454e66c4,1861,0.0,20251014,20251128,2025-12-02T05:30:00.279191
0xec605b5a7ae11f2aedc1506ee5e1a07774a1c396,69,0.0,20251117,20251120,2025-12-02T05:30:02.895898
0x3d3de1bd12bc96ca6fc324028b798879375d7099,31,0.0,20251013,20251117,2025-12-02T05:30:05.526587
0x2593172fa5fb7660a8f5339fdfe01a24169725ad,29,0.0,20251020,20251125,2025-12-02T05:30:13.460445
0x5d99dc6b9b82c072cd6bec5dedd69ec294541510,13,0.0,20251117,20251117,2025-12-02T05:30:16.065277
0x2389330e31e4e5b9dd256a4cba96a3303513e2cf,4,0.0,20251113,20251113,2025-12-02T05:30:18.734172
0x42f288538a17d0537a35d80ed7a5a307f745f6c8,22,0.0,20251107,20251107,2025-12-02T05:30:23.937365
0x7bb09deaa25fa15356f914910d714fe750624ed9,504,0.0,20251013,20251121,2025-12-02T05:30:26.636609
0x809405446f779e3ef49d942346e3d5f90bd74a98,362,0.0,20251013,20251017,2025-12-02T05:30:29.600585
0x9452698e709de91c16ad685ba8299775948632f1,332,0.0,20251013,20251104,2025-12-02T05:30:34.843910
0xac5209fe1dc1cf464f9be7a6b12d4d966708bbad,2,0.0,20251013,20251013,2025-12-02T05:30:37.478438
0x6697a37e662b5fd8775ab32cb44a99521a5aaf84,213,0.0,20251014,20251127,2025-12-02T05:30:42.817548
0x457b13ab4d63390c984a06a913719f53f5ef1edc,874,0.0,20251013,20251128,2025-12-02T05:30:45.507442
0x1e647c19ae67d4e8e82ebfee938fef79fba6ec02,1,0.0,20251129,20251129,2025-12-02T05:30:48.110250
0x4914f82cdec0cbe7e031202f1b8ae74eb2274561,33,0.0,20251013,20251128,2025-12-02T05:30:50.916794
0x77f3d9521fedec0f8614b2b310f45c9ad10337a5,23,0.0,20251128,20251128,2025-12-02T05:30:53.530683
0xcc1159ebaed7316a43cf6c6e76d61a2f6fa65e26,249,0.0,20251014,20251130,2025-12-02T05:30:56.201897
0xd330ee5b6f1aa060a6afdebc78178e99c7858ba9,4191,0.0,20251013,20251027,2025-12-02T05:30:58.816427
0x3eff5d583d3feaf0b900df54e1113b743dbe901d,40,0.0,20251015,20251015,2025-12-02T05:31:01.544894
0x8e042643bba83908ff395032ca9e04e8438d24a4,1,0.0,20251020,20251020,2025-12-02T05:31:04.211402
0x15baf1cefcced43e971da85b7b4de5a0391f7b29,1987,0.0,20251016,20251130,2025-12-02T05:31:06.836808
0x39237393323d3017b0c9fa4f7db29c18d26b5d89,5,0.0,20251017,20251103,2025-12-02T05:31:09.452275
0xe7b23a2abaa77bd2949c7b42e987eda97324094e,104,0.0,20251013,20251114,2025-12-02T05:31:23.254534
0x3a68063e76283a57d3be9cd4241486b3072ed3be,2,0.0,20251108,20251108,2025-12-02T05:31:25.873897
0x96f26ca249eeebdb00960c58f1d3acc439736ea6,10,0.0,20251110,20251110,2025-12-02T05:31:31.245943
0x47185d536cd21374fe1b15dc320ab74810a4ae76,58,0.0,20251122,20251126,2025-12-02T05:31:33.861330
0xda77fc9dafaa95de16d47859d62b733a58365e45,2982,0.0,20251101,20251130,2025-12-02T05:31:36.514887
0x7b8456730daaf5251e525b3ed6ce9bcf98796c97,59,0.0,20251030,20251122,2025-12-02T05:31:39.131093
0x0e7fcdc85f296004bc235cc86cfa69da2c39324a,126,0.0,20251014,20251017,2025-12-02T05:31:41.729141
0x67abe8a79fd6f6f4268d530694c6909dbfe8fdc1,54,0.0,20251014,20251114,2025-12-02T05:31:44.344628
0x1e5007bf5512b3636dfd169fb4bc1ac8e2838609,2335,0.0,20251020,20251126,2025-12-02T05:31:46.949758
0xdddd9202672173112e4acc76c516f8ce4425a358,8,0.0,20251111,20251113,2025-12-02T05:31:49.552124
0x29e75433b1e03e799a54870c77770c1cfb126414,3,0.0,20251118,20251118,2025-12-02T05:31:52.269787
0xd3093a1feddfed94d9ca1009d45a5c123711e9cc,6,0.0,20251103,20251103,2025-12-02T05:31:54.851096
0x7c9063122c01837fe83da2521056e10c9b6dd129,18,0.0,20251107,20251107,2025-12-02T05:32:00.294200
0xdc9887d0f6094661b9e46cb5d3c11bcdac77f3be,8,0.0,20251031,20251123,2025-12-02T05:32:05.584431
0x8dc7d5b03efa8a11fdd700a3d5ea650dd9b8e454,49,0.0,20251107,20251107,2025-12-02T05:32:08.192150
0x923a4675876dff5ae3b3527fde87ab1b511e3267,18440,0.0,20251014,20251128,2025-12-02T05:32:13.390138
0x8f7b4037525bf2b26aecf431544f48e02c15ba17,114,0.0,20251013,20251120,2025-12-02T05:32:16.116670
0xe6e6f8150d027e51067fdc83dc0381161c093d8a,675,0.0,20251013,20251103,2025-12-02T05:32:18.792473
0x9d32894d5270aac29274eed68cba783e1a25c3ee,17,0.0,20251106,20251125,2025-12-02T05:32:21.773942
0x89b76563bd725d556887ad61f59a4abac44fe203,47,0.0,20251104,20251106,2025-12-02T05:32:24.375871
0x524f7d39d1a1a24aa315f101b3a8b9a82daf932f,1150,0.0,20251013,20251023,2025-12-02T05:32:26.970061
0x80398804b3ebf795b20f846e5ea0a9292f1a4c5d,91,0.0,20251013,20251024,2025-12-02T05:32:29.602688
0x44aee0f8f03d7099d09041b2983f166d7eaf974f,10,0.0,20251031,20251123,2025-12-02T05:32:32.194726
0x5f44fe1c8b5d0802eda2a9b638c6163ad52d633b,11,0.0,20251013,20251013,2025-12-02T05:32:40.066146
0x5d3524dd70c42a7f74877be947aa84c0b0703545,151,0.0,20251104,20251121,2025-12-02T05:32:42.656586
0xf4ea9aab356e7308bdfc9abe9eefceec56f9e829,2,0.0,20251130,20251130,2025-12-02T05:32:45.239096
0x46ff2131a388ad0357779868631653ea6ee63eed,50,0.0,20251105,20251130,2025-12-02T05:32:47.853161
0xbf49ffdc3008791900bb96ebccb61118f70c1bc9,2,0.0,20251024,20251024,2025-12-02T05:32:50.468781
0x515c07dd7cd01496d4000e4998b4fd5acd2c09e1,33,0.0,20251116,20251118,2025-12-02T05:32:53.076254
0x433117c17f54ac472a36f155c93282cdb8970f0d,19,0.0,20251102,20251102,2025-12-02T05:32:56.135188
0x7290bff396ad0d61ad2e9aa9104bf073bf421d4a,2,0.0,20251031,20251031,2025-12-02T05:32:58.893128
0x9c125e2a95b5ebe8eaf4481249596b9d8c818ec9,72,0.0,20251013,20251022,2025-12-02T05:33:01.555744
0x2c8881988fc475354dfa952bdd4a8946e83c33bb,194,0.0,20251016,20251130,2025-12-02T05:33:04.323099
0x5928419d93434f7f5775e01f7055e2f9002400c2,738,0.0,20251113,20251124,2025-12-02T05:33:07.243481
0x32a4725ca39f02af5261b3a0490979cd486a0081,6,0.0,20251124,20251130,2025-12-02T05:33:09.853123
0x9230bd3b91703c9c45130f2f9b7052b4950f9162,4,0.0,20251017,20251125,2025-12-02T05:33:12.491450
0x2e4311ffd500b3790ae0fc3fd6acc8e58eb2af24,67,0.0,20251017,20251128,2025-12-02T05:33:15.157516
0x9a354c183e529fb2a1d2ea83408bd8e05cb19e53,31,0.0,20251028,20251028,2025-12-02T05:33:23.039554
0x528188374f1e39fe5855794956474cc0603c840d,15,0.0,20251013,20251014,2025-12-02T05:33:28.659968
0x19263b1bbad9fb9e50578c84d656553858fb8f55,12184,0.0,20251013,20251126,2025-12-02T05:33:33.863741
0x887505050daac03a9ac77277ea36bb8f8d25ab79,386,0.0,20251105,20251130,2025-12-02T05:33:36.466391
0x4eafff37fa2e63cd1286667b37c8015a3719c450,242,0.0,20251114,20251129,2025-12-02T05:33:39.079752
0x6fb225d4ab69222593c270d00ad48eb22d306372,21,0.0,20251028,20251128,2025-12-02T05:33:44.303661
0x4f9eb94fa444b66534577550a8eb7281b68d2423,886,0.0,20251014,20251027,2025-12-02T05:33:46.959266
0x8d47c704feb7cf9d0ec7cd6a15ad76db341e5eea,9,0.0,20251127,20251128,2025-12-02T05:33:49.570179
0x7711f7b4e9db7a8a68272d1b966e7f0bf25b90b6,1582,0.0,20251013,20251129,2025-12-02T05:33:54.852439
0xc251601212240ac41e2465bbc64b7504c84e37b7,61,0.0,20251013,20251013,2025-12-02T05:33:57.737379
0x47498e6cb5d3683b0c5d73a676d06739fa4fefab,53,0.0,20251124,20251126,2025-12-02T05:34:00.372746
0x11bc2477192257cc99066724074a5843014c86fa,2,0.0,20251016,20251017,2025-12-02T05:34:03.194361
0x454b2d86cc17068562b2513cbcc21b940958a38a,121,0.0,20251014,20251101,2025-12-02T05:34:05.836617
0xaaa7bbcf4b605112cf7973f533425a7ee38fa11a,19,0.0,20251018,20251018,2025-12-02T05:34:08.433172
0xfeaef76fc2f9914b500f175b7b9755e58923c078,13,0.0,20251027,20251028,2025-12-02T05:34:16.462859
0x33cfb721c1e5cc7314f453827288edb9fd2e1475,3,0.0,20251016,20251016,2025-12-02T05:34:24.387218
0xfd145973ecacbda7c70309f6afe430c51724e60c,1320,0.0,20251017,20251129,2025-12-02T05:34:27.054463
0xebc7aa527102ab3695b521461d422957ad632100,71,0.0,20251109,20251121,2025-12-02T05:34:29.676653
0x8434b7844fd17fad52f0aceae50a834cd4896577,17668,0.0,20251105,20251130,2025-12-02T05:34:32.306059
0x043c11ee6152422b6520c64c4203fd123dfe23cd,60,0.0,20251127,20251130,2025-12-02T05:34:37.553223
0x21931369de380f813caf6ecdbe2764cb0e957007,30,0.0,20251021,20251027,2025-12-02T05:34:40.242169
0xc29546760f82e9633d9e67e9eae053ecb400a6f1,18,0.0,20251101,20251101,2025-12-02T05:34:42.910701
0x686630fafd661575b88047e981af585b4be2cac6,40,0.0,20251117,20251121,2025-12-02T05:34:45.537944
0xda2d588448dcb02c1897507dce91fb52013b2766,135,0.0,20251015,20251121,2025-12-02T05:34:48.303192
0x552ee427a223ae029dd5f0dc1c232572369a91f1,25,0.0,20251024,20251025,2025-12-02T05:34:50.936315
0xd890331e75d076de2ae87225ea3f78d5bf4c2fc0,806,0.0,20251016,20251126,2025-12-02T05:35:01.587038
0x603807c9b5131e0fc7cd4d4fcd933b8bf3f6ab8e,170,0.0,20251013,20251122,2025-12-02T05:35:04.294507
0xa76e0fdc290a2df9ac750ff1e7315a20628b529c,2326,0.0,20251014,20251125,2025-12-02T05:35:06.964423
0xd28a9fb4c656b815bfa452d089673a7735ee2124,108,0.0,20251015,20251117,2025-12-02T05:35:09.686978
0x2008c2e52eb631c64212186b1887da8631c0b0e8,2,0.0,20251022,20251022,2025-12-02T05:35:12.542058
0xa78a59ad88bc1170004f881b6a0553de88e26527,97,0.0,20251126,20251129,2025-12-02T05:35:15.256555
0xe835169d73031aca4d68d9a56931e958e8daf55a,641,0.0,20251013,20251128,2025-12-02T05:35:18.069949
0x7f1156aa350982560653fed03ef0e285ef878b75,302,0.0,20251127,20251127,2025-12-02T05:35:20.666189
0x4e859c41dcad304020bf8b7d2c035545a2732605,6700,0.0,20251013,20251102,2025-12-02T05:35:23.353540
0x05a759d81f8dcc53215c1c9cf90061222172b89a,1317,0.0,20251013,20251110,2025-12-02T05:35:25.999094
0xbc363c63589d390652daf7f2df5ea3c21402e041,84,0.0,20251116,20251128,2025-12-02T05:35:28.685344
0x0162db6a7794f12b1b29f14ccf3d2900e7b349d6,347,0.0,20251013,20251107,2025-12-02T05:35:31.347490
0x0c6265f92cb7ed2cd52f54d1a404c90489a24a6a,343,0.0,20251103,20251123,2025-12-02T05:35:36.809054
0xda41912e2779247eb5ada68f08027c387ced2371,52,0.0,20251101,20251101,2025-12-02T05:35:39.541174
0xc14e3fde78f2162adb37a1a806f485c2b3c46607,3,0.0,20251114,20251114,2025-12-02T05:35:42.205130
0x2cab7d7f04588cba1bd544c8884d02be3640c9df,15,0.0,20251124,20251130,2025-12-02T05:35:44.827450
0xad31f493250333e69cec526b698641aa78ebda99,549,0.0,20251013,20251130,2025-12-02T05:35:47.467174
0xf5cc285d9b54f0e931d1a3a4eb74f202e5890c3c,59,0.0,20251022,20251022,2025-12-02T05:35:50.165356
0x4be74246962aa81899c14c15f19e8bc4a655c06e,95,0.0,20251014,20251104,2025-12-02T05:35:52.890802
0xd9fa91f2c50500877897c92fd0e630262f578dc1,47,0.0,20251101,20251101,2025-12-02T05:35:55.564684
0x140446fe5e488b79d94ba80649511af31a003951,23,0.0,20251013,20251104,2025-12-02T05:36:00.858626
0xbeb3d50788b5b3b0cb2941e51c03cb8c30f1ad03,496,0.0,20251018,20251129,2025-12-02T05:36:03.517390
0xb33b7839d5029eb04a47f6fd1a5eee9c52d1a4b0,182,0.0,20251021,20251130,2025-12-02T05:36:06.153824
0x51ad69d78921a70b389ca40ed5b172c7689bebf1,72,0.0,20251013,20251111,2025-12-02T05:36:14.522394
0xc1e46cc5ef96bf9d34c687cda51c0919e5ae3275,136,0.0,20251128,20251128,2025-12-02T05:36:19.807137
0x801fc73d9e0a882044cb03acb5e7d996d206229b,9,0.0,20251026,20251107,2025-12-02T05:36:22.514276
0x7f76d15c57df1a4a6a9b92a22bcb67b19ec20231,14,0.0,20251023,20251028,2025-12-02T05:36:25.142077
0xd945e64f30901cc0996e5a348b377d3a058cbf49,4425,0.0,20251013,20251120,2025-12-02T05:36:28.001673
0xbed1ad43cec8de3985f53430b5d03b31a2c8b5d0,241,0.0,20251014,20251112,2025-12-02T05:36:30.605461
0xd67f1d4ce604b1e1ad8e630b355567c0ee1f78df,69,0.0,20251015,20251128,2025-12-02T05:36:33.267995
0x3e75497d32942dc8edfceab39dbfbaf2297311c9,6306,0.0,20251013,20251120,2025-12-02T05:36:35.910983
0x125e1b59283bf5d99ac4f94de81635c699ecbf1e,300,0.0,20251028,20251114,2025-12-02T05:36:38.559404
0x38d138aa067320f2b186a51a8a2ad4c511f2431d,447,0.0,20251029,20251109,2025-12-02T05:36:41.181751
0x18e8934c311a2bab0c9ba9815fcbbd29294b1244,88,0.0,20251013,20251118,2025-12-02T05:36:43.824353
0x943e0a6fe914fa7f9f00da74b9c88a4580c0f3c4,376,0.0,20251013,20251129,2025-12-02T05:36:46.561409
0xe95cf41e27b56c36f0ad39c33d51c05f627c48b2,375,0.0,20251124,20251128,2025-12-02T05:36:54.756645
