address,fetched_at,has_positions,num_positions,account_value,total_margin_used,total_unrealized_pnl,total_position_value,error
0x494d085100c43fa2b34194b6a3eba66c337feb2c,2026-01-02T15:42:57.941428,True,1,4633.440562,3.89934,0,0,
0x0c04311e91e5d2fcdd0c4f6dc154567b5d911151,2026-01-02T15:42:57.942205,False,0,278.691815,0.0,0,0,
0xe60f03d22bc1d0bff96f31578a5744f863b6d5b0,2026-01-02T15:42:57.941825,False,0,121.551477,0.0,0,0,
0x8993d9ccf36a36f7966bb687955d5ae5bf610358,2026-01-02T15:42:57.941683,False,0,0.0,0.0,0,0,
0xa479a4cf858375b287bf2c814b7bacc94461a80a,2026-01-02T15:42:57.941516,False,0,0.0,0.0,0,0,
0xbf70a5793c451b730c0829fde942bb98f3cf530f,2026-01-02T15:42:57.941312,True,2,4031.218674,241.07262,0,0,
0xfaa9d490496a692ea9f516b2e51d764bdba346f9,2026-01-02T15:42:57.941972,False,0,0.0,0.0,0,0,
0xee84ee128c8a2bab1b11e7edf7f5bba320235ea8,2026-01-02T15:42:57.941186,False,0,242.8213,0.0,0,0,
0x58e09db7a9219b080a8f637718a959ac63180a01,2026-01-02T15:42:57.942046,False,0,0.003363,0.0,0,0,
0x8871ec2de5973f75afc8b754a834a0f931f54279,2026-01-02T15:42:57.941627,True,1,120.620779,30.4776,0,0,
0x5d79e056a182e150ac3a238662104c41542eb32a,2026-01-02T15:42:58.387992,False,0,0.0,0.0,0,0,
0xffafe70477a6ea45295f104645d2ac81f8a524e8,2026-01-02T15:42:58.402049,False,0,0.0,0.0,0,0,
0xd0c288027c4cc71280febe002ec8c47c8463f33e,2026-01-02T15:42:58.401655,True,2,26809.567205,1326.207365,0,0,
0xe2edd950d694434532947ee57c5c81b106940b94,2026-01-02T15:42:58.400001,False,0,4405.335827,0.0,0,0,
0xbce098add1a382a964a6b9665d0b9e870ca96a92,2026-01-02T15:42:58.410239,False,0,1495.451558,0.0,0,0,
0x2f58adc8b81f51b02acf65eff40d9f5bbb88bc9e,2026-01-02T15:42:58.422408,False,0,1728.775459,0.0,0,0,
0x07bdb14831e27cab4b7f3a756de4b29023a01888,2026-01-02T15:42:58.407434,True,1,1.890222,0.33615,0,0,
0x1b4c289c4f6e0565f1e432654254485c490679e9,2026-01-02T15:42:58.417856,False,0,0.00719,0.0,0,0,
0x055410df70445477d18aa339f6bd49ff9c9c5d4e,2026-01-02T15:42:58.424378,False,0,0.0,0.0,0,0,
0x871f04f7b84a64b00af3488461093a8481199185,2026-01-02T15:42:58.440026,False,0,158.944272,0.0,0,0,
0x2edda899544912aa7ab1346ee6b98f50622c6fd9,2026-01-02T15:42:58.807363,True,1,442.090685,516.0467,0,0,
0x226466b010806f0a9bf5fef0ba945a9a94518ed6,2026-01-02T15:42:58.807502,False,0,0.004439,0.0,0,0,
0xee337ed1af5c09ffefa122d3207c8993b0720c1f,2026-01-02T15:42:58.794329,False,0,0.004577,0.0,0,0,
0x71343a5b1efda6cf0848231753d019858ccb3f52,2026-01-02T15:42:58.813304,False,0,17.904577,0.0,0,0,
0x75b032a5acee2c7d96f072ddf9a38d5c702d8c2c,2026-01-02T15:42:58.812850,False,0,0.0,0.0,0,0,
0x7cd305a2564276e0bafd9b49c7ed70fc4dce3292,2026-01-02T15:42:58.813817,False,0,0.009234,0.0,0,0,
0x65c1ec85b539bf44041228df7502ac94f0bd8558,2026-01-02T15:42:58.798367,False,0,75000.004875,0.0,0,0,
0x3915a7ed767cd3ad5bc8988f159de39eb89d6ac2,2026-01-02T15:42:58.845752,False,0,0.0,0.0,0,0,
0x50776d6f50f1208769a5d37f47e82ec576fefc43,2026-01-02T15:42:58.854623,False,0,0.001375,0.0,0,0,
0xcc858dfdf76927df5d9625386cee36839fc2484e,2026-01-02T15:42:58.845542,False,0,0.001777,0.0,0,0,
0x8bf4366633855a3885a17d45b18e0c6deaeff4e3,2026-01-02T15:42:59.196414,True,1,69306.380244,10322.318666,0,0,
0xd8239794e05ef5405d95f580d8259115a9540a74,2026-01-02T15:42:59.193805,True,1,312.377459,32.660078,0,0,
0x3e13aa8c050804a79f6e795ed99fa47ca7eb1989,2026-01-02T15:42:59.203087,True,2,2306.60713,923.101695,0,0,
0x352c064eccdc169a1719a40480d170b410998b69,2026-01-02T15:42:59.203214,False,0,9.207494,0.0,0,0,
0x9b445b2c817780d7abc0eff1632e5bbd193af1a5,2026-01-02T15:42:59.197923,False,0,0.00928,0.0,0,0,
0xb433b743c960959cb037829974310533956b5db9,2026-01-02T15:42:59.210763,False,0,0.0,0.0,0,0,
0x83f517d1d20996d65d40ee3c185e569919f2e460,2026-01-02T15:42:59.242152,True,2,209.504725,309.013525,0,0,
0x4963ec7188ca7f53e591f6132e5d4e454a306db9,2026-01-02T15:42:59.237644,False,0,0.003172,0.0,0,0,
0x60b6a9d750bf1ffd6620d58d8f0cacedd09f7b0e,2026-01-02T15:42:59.231994,True,1,407.306572,405.749442,0,0,
0x7451d7dc1570f2be4aa3eca8d482dff117570ab7,2026-01-02T15:42:59.225337,False,0,12107.14204,0.0,0,0,
0x5f9105f97535dcfa913fec2a1eb490d91d31cade,2026-01-02T15:42:59.583210,False,0,350.543179,0.0,0,0,
0x3fc6b63462dfa99aba339a403a6a17b8112affba,2026-01-02T15:42:59.584979,True,3,5308.553691,1014.258685,0,0,
0x81b7836b044b7734d005788ab460df3d95964ac4,2026-01-02T15:42:59.622020,False,0,0.005643,0.0,0,0,
0xd50e4c70bbcc208f50f4a4e35eb902f6b3a97011,2026-01-02T15:42:59.582365,False,0,0.001664,0.0,0,0,
0x25906a08063474161c08e611d4845cc94732aaa3,2026-01-02T15:42:59.622551,False,0,0.0,0.0,0,0,
0x5b56675e28f501e7971365879005e671f83c6e4b,2026-01-02T15:42:59.622850,True,1,16634.957383,1670.827575,0,0,
0x5486afca53bece46842627c01699f288c7b4dfca,2026-01-02T15:42:59.590721,False,0,0.000394,0.0,0,0,
0x2a33caf29a8e6cb03bb891fd501ecd171a7cedd6,2026-01-02T15:42:59.590233,False,0,1519.306983,0.0,0,0,
0xf183ce60711d9777ccbc189a75e4884e026d9895,2026-01-02T15:42:59.590110,True,1,1014.317539,0.049076,0,0,
0xd7fe4a6a31a024ad68011373c98aba7f1683ba44,2026-01-02T15:42:59.618620,True,5,19297.375521,4517.959958,0,0,
0xfe10ce58be9aa8cb8a3f88603e2d55e4178d19e9,2026-01-02T15:43:00.017235,False,0,853.16395,0.0,0,0,
0x280e93b4d5e7dc852332a41e93c3329052d40e8f,2026-01-02T15:43:00.010554,True,1,450385.520343,589886.3286,0,0,
0x8af700ba841f30e0a3fcb0ee4c4a9d223e1efa05,2026-01-02T15:42:59.975657,True,29,18735560.794173,3021851.121299,0,0,
0xdead6d3ec34f98e917c13d18cfbd3c284520ce59,2026-01-02T15:43:00.012451,False,0,0.0,0.0,0,0,
0x420e4feced694d19ea92c76a93fb590c67681a31,2026-01-02T15:43:00.025095,False,0,0.0,0.0,0,0,
0x7658dc327bbdd377cacb531afe1215b19bff91cf,2026-01-02T15:43:00.024356,False,0,0.0,0.0,0,0,
0x39062ecec6e05eb1779325bbf096217909f47a0e,2026-01-02T15:43:00.060485,False,0,23285.468963,0.0,0,0,
0x8e765ba6bf611a4fb0894fd618970a601644f86f,2026-01-02T15:43:00.060364,False,0,21.557338,0.0,0,0,
0x5de9b9a73cb7146d7e46b9218911e87d33353657,2026-01-02T15:43:00.024696,False,0,0.0,0.0,0,0,
0x8da6beaa2f002a511809101b24d181a324ae82d6,2026-01-02T15:43:00.064193,True,1,327950.51255,119650.93416,0,0,
0x183c6497814803574c23866c7662dea4c044d0f9,2026-01-02T15:43:00.404552,True,1,58357.136531,3137.4,0,0,
0xd7ff605ad14017e1e9d754144f5daaab963b2f1d,2026-01-02T15:43:00.410026,False,0,0.009066,0.0,0,0,
0x64f54376ec452136b8909d82180863f1bd616fe0,2026-01-02T15:43:00.432105,False,0,16708.107064,0.0,0,0,
0x3bb578528e26d3b4f27f454938c793953357206d,2026-01-02T15:43:00.442151,False,0,9230.47883,0.0,0,0,
0x680352a1edc15714aadcd88dec4ca0b6bf35792a,2026-01-02T15:43:00.449364,False,0,0.0,0.0,0,0,
0x962ad4a1276d2f985f8afabd3da59bd32e5c36f2,2026-01-02T15:43:00.442693,False,0,0.0,0.0,0,0,
0xaa4dc1f37d827e37aea4d891b76e69974e7231b8,2026-01-02T15:43:00.453035,False,0,0.0,0.0,0,0,
0x8e2c81960e7e472b146b373b69e45847ce90ac5c,2026-01-02T15:43:00.462294,True,5,6853.613683,3361.969663,0,0,
0x8ca8d2cbc07edf6512cada0d2573c8f4802a1989,2026-01-02T15:43:00.463198,True,5,5715.007032,5695.003105,0,0,
0x1190c926fb260e18a1089d079e47f7311e6c07c4,2026-01-02T15:43:00.560874,False,0,1.535946,0.0,0,0,
0xa86eb6037c5cb64302aa2b2475a27419f711c355,2026-01-02T15:43:00.805133,False,0,100068.62294,0.0,0,0,
0xadbdeaf92fe202ec31ed334c43ad0ec661f6d20e,2026-01-02T15:43:00.805907,False,0,5000.002778,0.0,0,0,
0xe919ecc802120d3d4132938e7532b8ee88190679,2026-01-02T15:43:00.815336,False,0,44.824228,0.0,0,0,
0xd2f1466a467706a1d5b1e15b1f745e5498e09a08,2026-01-02T15:43:00.829336,False,0,0.0,0.0,0,0,
0xa28fdcaadededb001eb26541b20b64bdc69a6c44,2026-01-02T15:43:00.849015,False,0,0.0,0.0,0,0,
0x99e009dd23cf309d4fda5a028840bc75029561a4,2026-01-02T15:43:00.845867,False,0,0.0,0.0,0,0,
0xc1c4a78ffe8865ea759731dd2a40360d063dab7f,2026-01-02T15:43:00.829145,False,0,58.915805,0.0,0,0,
0x04e2dfda5f57787dd77ecaadf335f857fece4e29,2026-01-02T15:43:00.830179,True,1,586.58617,389.938801,0,0,
0x5cb52d2762e744f0b9304a1d7c2201c44a942bea,2026-01-02T15:43:00.833781,False,0,0.0,0.0,0,0,
0x6889c68eecdb52bef56fdef747740ce831d284ea,2026-01-02T15:43:00.951494,True,2,878.481155,107.860259,0,0,
0x6c280c67d5dcdc9937b838240dfe42fefdadab04,2026-01-02T15:43:01.264105,False,0,654.746686,0.0,0,0,
0x59da73d55cc7ddb8bf8fb608dd8e576875426a26,2026-01-02T15:43:01.254866,False,0,0.005078,0.0,0,0,
0x0e07002a86c6fec5044205a584307a610cbb25aa,2026-01-02T15:43:01.238877,False,0,1510.443941,0.0,0,0,
0xd92fbf42dac66b83475d42a471f20d61ac370b14,2026-01-02T15:43:01.237214,True,1,10068.172915,94.349837,0,0,
0x63f96fd5a04bfc4c5769e24f80c0969e7d750355,2026-01-02T15:43:01.247178,False,0,0.0,0.0,0,0,
0x31304ccdd28e62ef552824db08a350d752068c39,2026-01-02T15:43:01.255204,True,1,107245.390056,84513.40876,0,0,
0xb4310f6f3c2ef227708e517c4ba0dee7bb48774b,2026-01-02T15:43:01.233328,False,0,46.482047,0.0,0,0,
0x824cf4e8dbde38f59ceedde735c657f86212ed1e,2026-01-02T15:43:01.238923,True,1,972.89055,257.6595,0,0,
0x6c91930ceb9091a17cb837c73f6c33ca68015b88,2026-01-02T15:43:01.247086,False,0,0.0,0.0,0,0,
0x676751fe55f734245651fb781908befff96eed8f,2026-01-02T15:43:01.389638,True,3,9976.423059,905.904,0,0,
0x253a344ed1addf98bd8f2cbe4c5056ae773f79dd,2026-01-02T15:43:01.674041,False,0,0.0,0.0,0,0,
0xd8817ee08ed20a55be5ea97e7f1cb969cc3b2e88,2026-01-02T15:43:01.673796,False,0,0.001686,0.0,0,0,
0x9822c731b38009a05384ffd757c854f71ce751f9,2026-01-02T15:43:01.673269,True,1,219.771134,13.468,0,0,
0x4f8ab9232db08029698dc5acdc102767274adbcc,2026-01-02T15:43:01.680904,False,0,0.0,0.0,0,0,
0xacfa29396e7e52a0bf9eb1bca072809a6e495afe,2026-01-02T15:43:01.692507,False,0,1764.53,0.0,0,0,
0xd25a100d719f024d183d8b49d25cabf668ac4a41,2026-01-02T15:43:01.708797,False,0,510442.69055,0.0,0,0,
0xca92229b3123be78e35b645d0d0e6fd8adc81fc5,2026-01-02T15:43:01.681083,False,0,851.612514,0.0,0,0,
0xfee6cf78bba26a5808ca659d7bcd10491e75e3c2,2026-01-02T15:43:01.702538,False,0,0.627772,0.0,0,0,
0x7dd04ab5fc0dde031f623822c866e13322567826,2026-01-02T15:43:01.693249,True,3,5041.764784,458.192804,0,0,
0xcfeefe744f867f45f3a324a73cadbda1fa309f91,2026-01-02T15:43:01.799042,True,1,1283430.503387,63853.14572,0,0,
0x2cdfe262b3354622b02614dfc28c8da3f12e5579,2026-01-02T15:43:02.075595,False,0,3550.77,0.0,0,0,
0x0dc9f38cd1fd77e83ce35812dbb3ccf09fdf3e61,2026-01-02T15:43:02.089000,False,0,0.0,0.0,0,0,
0xe1eed6403808b058d00a040046b7b188df8fac6d,2026-01-02T15:43:02.075378,True,1,1013.457567,409.802781,0,0,
0x13fa88e535d5ea07f3a56935b5805b98205beeaa,2026-01-02T15:43:02.088730,False,0,100000.00931,0.0,0,0,
0xed248b44cf1571edbf741307af2b45318dda0543,2026-01-02T15:43:02.089285,False,0,0.004464,0.0,0,0,
0xcc9509235099054f49f7679be1a2d9b59d236d65,2026-01-02T15:43:02.077678,False,0,1032.141027,0.0,0,0,
0x8d97d64bc2eacdba25b1f2eb6b075cf09200a399,2026-01-02T15:43:02.085310,False,0,274.151996,0.0,0,0,
0x0021690ace06571d76951ed53fe981c71e11cc76,2026-01-02T15:43:02.304045,False,0,102.94,0.0,0,0,
0x4cc390eada38741fe9c77036b7c38537fb5f38ea,2026-01-02T15:43:02.122664,True,10,155218.626204,80810.660175,0,0,
0x46b8328d1447286331cc85a7d3fa72a21269dde4,2026-01-02T15:43:02.507912,False,0,0.0,0.0,0,0,
0xe1db7c81eed37caa5ca379f224afbedc8a5b9276,2026-01-02T15:43:02.508080,False,0,0.0,0.0,0,0,
0x838ceb787d988c6a33b96f909544de161afdccc3,2026-01-02T15:43:02.480753,False,0,3072.195594,0.0,0,0,
0xc24158e36dff0dc47a456d4e66812aefc15363d1,2026-01-02T15:43:02.565371,False,0,1628.984579,0.0,0,0,
0x9a6e59375fdb008d73b4bd874d7d3ef82c4da3cc,2026-01-02T15:43:02.625459,True,1,148.054667,4.178328,0,0,
0x51fbe1854e6b265a8d2eee406dc2f584b774d90e,2026-01-02T15:43:02.583275,True,2,2205.206714,864.699452,0,0,
0xb278034661dc1178080a7cba43280fb467158fb2,2026-01-02T15:43:02.071743,False,0,0.00169,0.0,0,0,
0x05b2fd2728f91732cd5c7e67e47e5480b64220bf,2026-01-02T15:43:02.706004,True,1,195.947051,193.048737,0,0,
0xaa466031f86b8ef4a79257435af0ae2aa0842c47,2026-01-02T15:43:02.827482,True,1,7713.548436,7464.49586,0,0,
0x6b78be2ba4d55d5ee434c7d47fb3bbaffafc5e9c,2026-01-02T15:43:02.907708,False,0,2189994.411008,0.0,0,0,
0x0ec6e1325db44bb17a86ccb8e35b2f6f577c7e7f,2026-01-02T15:43:02.934665,False,0,0.007476,0.0,0,0,
0x56e26e551f397cbb28b2b3166fc8803fa5a9401c,2026-01-02T15:43:02.990174,True,2,68.73299,9.403326,0,0,
0x9fd7be134d8d4ddb8fa8d093e348c899716f6b0b,2026-01-02T15:43:03.049073,True,1,236634.220463,1774.67745,0,0,
0xc001f225f7e20859e54258a66a9c4b58a6419485,2026-01-02T15:43:02.556017,False,0,4645.276994,0.0,0,0,
0x6764ee2439cc72b6daa890bcc47ae5b148c54388,2026-01-02T15:43:03.072146,False,0,10486.819844,0.0,0,0,
0xa4fdcb928209e822ac816f42a42f33c54259ddbf,2026-01-02T15:43:02.988616,True,77,5389.837975,1801.628559,0,0,
0x7d193907e1a4f73495e9ee0673e465d26fbd3dc5,2026-01-02T15:43:03.089285,False,0,0.0,0.0,0,0,
0x20293ee76f22fbc4190a8014079ff135f218eda8,2026-01-02T15:43:03.014145,False,0,73.573034,0.0,0,0,
0x72d989203ec157ed3e4f3139d8bdc32168fa2116,2026-01-02T15:43:03.226710,False,0,2766.037944,0.0,0,0,
0xaf84a6ace1726df24f26b7bdfab99248a34995df,2026-01-02T15:43:03.339497,False,0,0.0,0.0,0,0,
0xa4b3d1409c4ba11c76c09a8044d1729edcd2e8a0,2026-01-02T15:43:03.397425,False,0,4038.722195,0.0,0,0,
0x0e9c4c0f9fd1fae560595dae5289946b03608772,2026-01-02T15:43:03.374190,False,0,0.0,0.0,0,0,
0x8a976562e2d338ed4b297a20f6216da2db4d362b,2026-01-02T15:43:03.475343,False,0,0.00585,0.0,0,0,
0x79774e1456f3f4c546089ef72a8c9ba15cb290fe,2026-01-02T15:43:03.444909,False,0,0.0,0.0,0,0,
0x629bedd1b1909685cc765552c685b78d833c983a,2026-01-02T15:43:03.441022,False,0,290.318578,0.0,0,0,
0x965918459d25faa8c2015a255a417176eff78dd5,2026-01-02T15:43:03.458780,True,1,824.85501,12.346808,0,0,
0x94ed58de288acd968f9fdb8160ac7e7666eb4c11,2026-01-02T15:43:03.491589,False,0,1203.246789,0.0,0,0,
0xe5c618d20d24346002c1b0d65f4f0150d5056935,2026-01-02T15:43:03.462725,False,0,10.216143,0.0,0,0,
0xbc8d8a8067d0d3a202d4cdc13d0735b6cdef4b10,2026-01-02T15:43:03.630796,False,0,0.0,0.0,0,0,
0x680b26db81b65075fbce65094793324a30e4e1ce,2026-01-02T15:43:03.742862,False,0,42.224501,0.0,0,0,
0x474155c9f4875274cfa948892416cae599d9d243,2026-01-02T15:43:03.782843,False,0,0.0,0.0,0,0,
0xba5e00b0d91fa0a0fa40b704d00d01cb0c8008c1,2026-01-02T15:43:03.832047,False,0,0.004428,0.0,0,0,
0xf6d58331279fb931b562068e6309ac63e0308edf,2026-01-02T15:43:03.878582,True,2,148187.39947,37341.634403,0,0,
0xb7ea8e223ee7b8a5701b50d2cd40cefb354209d5,2026-01-02T15:43:03.857113,False,0,40.847017,0.0,0,0,
0x8658ccc0732959a37f303173e29180273b3faf88,2026-01-02T15:43:03.884203,False,0,212563.676708,0.0,0,0,
0xd868b49d6634647b85285681009b1d7961ddb175,2026-01-02T15:43:03.856991,False,0,961.912375,0.0,0,0,
0x61354bab03496ee95f072314c970e7ba25cbd787,2026-01-02T15:43:03.861665,False,0,8532.306407,0.0,0,0,
0x211ffa28cd3b74fbd455954a2f6983d9627c453f,2026-01-02T15:43:03.857914,True,2,6884.573617,103.780153,0,0,
0x698f77f4d84ab9a6283983ade08ab68ae875a600,2026-01-02T15:43:04.074398,False,0,99500.006968,0.0,0,0,
0xf460005781cc09d46c7b611af605283685af494c,2026-01-02T15:43:04.163908,False,0,0.0,0.0,0,0,
0x02eb53920376fb241f0f9669fc8d2c3fd9f8248d,2026-01-02T15:43:04.184096,False,0,0.0,0.0,0,0,
0x92fece1639b1e50dc0029eac9bd5a19b79ac924b,2026-01-02T15:43:04.310211,False,0,0.009302,0.0,0,0,
0x3d4ffcd11f5bb1a77bc6470c85560a7ed3aa6d78,2026-01-02T15:43:04.308810,False,0,0.0,0.0,0,0,
0x3da7f4e96a45f7d469dbb6b646eab22d3732828f,2026-01-02T15:43:04.315037,False,0,1132.934132,0.0,0,0,
0xb64f51eda85a4aca0438375d535264f5c6a1dd57,2026-01-02T15:43:04.325425,False,0,0.906255,0.0,0,0,
0x34940c3f11485eae09e649cb9ae80b8c5fda055f,2026-01-02T15:43:04.314945,True,1,30123.913131,1040.986048,0,0,
0x36f64b73ee32a8262a1f2d72b09cc9d745a6115e,2026-01-02T15:43:04.347156,False,0,0.0,0.0,0,0,
0xbb53d3fdb99adb815d7d2824d6a0b82396cf046d,2026-01-02T15:43:04.397466,True,1,36292.756408,1911.112772,0,0,
0x60651b03dc59b704fce963c5a66fe1a3b6a7be39,2026-01-02T15:43:04.475505,False,0,0.0,0.0,0,0,
0x1855c5a0a0108436a838176b7279535b1341f352,2026-01-02T15:43:04.558813,False,0,9227.539725,0.0,0,0,
0xccaf287f0508e633992331e1d10113da7145f8d8,2026-01-02T15:43:04.592200,False,0,0.0014,0.0,0,0,
0x076ab36e4a2913a6a3df3f5e78fec5eca6378e75,2026-01-02T15:43:04.692149,True,1,9738.628973,3303.327719,0,0,
0x0fbd9483e030ca7f8aa5543c087b52d7a029de14,2026-01-02T15:43:04.692312,True,1,55.729176,10.940352,0,0,
0xde5c055dde6ad2c2563268d2aa3abcf6060396cf,2026-01-02T15:43:04.704143,False,0,0.005524,0.0,0,0,
0x54d4947d60c63af0f0765513b83fc09cd37f12ba,2026-01-02T15:43:04.729592,False,0,2070.87624,0.0,0,0,
0xfe3309bcf078e78dc65de26b3a34fcf04da3a83a,2026-01-02T15:43:04.704673,False,0,1985.584862,0.0,0,0,
0x683e87363700331d9319b208d72f8c098ddb3532,2026-01-02T15:43:04.735528,False,0,0.0,0.0,0,0,
0x4bf9193c14936c19b0e28d126be6eeb47506646c,2026-01-02T15:43:04.784622,False,0,4990.726569,0.0,0,0,
0x9359ab8ca4fcf40b758bddd0267e1520ea4fd991,2026-01-02T15:43:04.870937,False,0,0.0,0.0,0,0,
0x060abdad37ad4682643856c5e3be8935ddaa51e5,2026-01-02T15:43:04.975460,False,0,184.324835,0.0,0,0,
0x2573b7a5ee691bdc86b23957ced1b54928858795,2026-01-02T15:43:05.015592,True,1,53086.06735,7106.31,0,0,
0x708022f70ae19d43473d41e3385c7b70c56a19d5,2026-01-02T15:43:05.097397,False,0,6780.550124,0.0,0,0,
0x15c480b5ccd1e9dcef69b3473f47867b1f0b1f07,2026-01-02T15:43:05.092536,False,0,81.251633,0.0,0,0,
0xdc7caa98995cceea096aa9149d5f4eb08c57c5ae,2026-01-02T15:43:05.102748,True,1,578.559038,50.910976,0,0,
0x238c9d48fa58f164e6ac8dcb5be5a075fa0fc8a3,2026-01-02T15:43:05.112107,False,0,1000.705712,0.0,0,0,
0xc3f24fb0b86c0ef0d7409578dc1b6def8780e843,2026-01-02T15:43:05.126501,True,1,44.646232,19.526904,0,0,
0xce1f932605d2a37d4181d5283dcdcbb263e165ad,2026-01-02T15:43:05.139109,True,1,273.634303,198.978778,0,0,
0x5f3b0aa4f9332f041a3bc1fa2faae0b019abbf30,2026-01-02T15:43:05.178975,False,0,1019.834902,0.0,0,0,
0xe9004210c2d7b35ff87d4c13c2d53b88667ca5aa,2026-01-02T15:43:05.257496,True,91,3373.767236,695.665699,0,0,
0xcc4da230c91b5ed09f702674d03dc833e977dd4e,2026-01-02T15:43:05.369772,True,1,789.05443,13.10868,0,0,
0x6563540d8a8b2c0a2e8f31e6254b990d7c9d0192,2026-01-02T15:43:05.405536,False,0,0.0,0.0,0,0,
0xb1ab255d5e2c1c2fbebe3596629a513ba9ee57a3,2026-01-02T15:43:05.480874,False,0,1.789081,0.0,0,0,
0xa36cda6c188afbf3ea1a317beb78398581806b1c,2026-01-02T15:43:05.489311,True,15,690.352595,646.215906,0,0,
0x6f142cc70bd7829d9b41350b5dd13ba20388a473,2026-01-02T15:43:05.507942,False,0,617860.026959,0.0,0,0,
0x9bd64263248752d128cbdfd3f64f69f135dd4ec2,2026-01-02T15:43:05.486353,True,1,389127.043377,26141.819554,0,0,
0x3ee68f87194e00540dc18a6fd6d1ea934d0909ff,2026-01-02T15:43:05.489803,False,0,3.878583,0.0,0,0,
0xf83858e57d9f804f5ca1603bce82558119aeac7b,2026-01-02T15:43:05.548703,True,3,118138.526264,2853.89446,0,0,
0x6d13e3f00f4eb0ff2b534c996e18c7a1ca4dd403,2026-01-02T15:43:05.582684,False,0,0.0,0.0,0,0,
0xc0ffee2408a55fc3b1ebf28c5e0970550025a904,2026-01-02T15:43:05.727113,True,1,831.864821,602.2179,0,0,
0x647fec5ec5a46c5467619e239221233ccc9262ea,2026-01-02T15:43:05.757633,False,0,0.0,0.0,0,0,
0x203b1b7bac5b79ed20bdf704ba68499c26e6f43b,2026-01-02T15:43:05.832566,False,0,0.0,0.0,0,0,
0xb9b29a20ed3f0702d9c95a58583f10f47984d550,2026-01-02T15:43:05.875137,False,0,0.0,0.0,0,0,
0x666d47de717df8875bfb9df98997665f7ca011c3,2026-01-02T15:43:05.900134,False,0,3208.038646,0.0,0,0,
0x2069fe1c46e5a1b150965cc86a3e09451adf4402,2026-01-02T15:43:05.899948,False,0,0.007605,0.0,0,0,
0xa71b7c868de1f1898559dae13ee71bef1ea43962,2026-01-02T15:43:05.926440,False,0,2989.539241,0.0,0,0,
0x265f83d5006ba4b1a816b664697af231a2b348ba,2026-01-02T15:43:05.939307,False,0,0.0,0.0,0,0,
0x3a6f0d3f4e012e1e7b581a44236d3630ea070242,2026-01-02T15:43:05.994739,True,1,3266.166987,2355.456,0,0,
0x1ca1f89b8e647900dd286a42a37c245fbaa4782d,2026-01-02T15:43:05.994228,False,0,209.990295,0.0,0,0,
0xb17df9c290282e0aa92417c8e5849d2a15139830,2026-01-02T15:43:06.111252,False,0,19796.429413,0.0,0,0,
0xa70e787dd92b1252790ec1996253b73dcc6e234d,2026-01-02T15:43:06.142293,False,0,4750.008862,0.0,0,0,
0x69906b0ed626ca01a4b7c001e5711e5714ccf207,2026-01-02T15:43:06.239273,True,5,1128317.767432,290333.614126,0,0,
0xc0abc92833d460537a33316c9670733341e818e2,2026-01-02T15:43:06.288352,False,0,0.0,0.0,0,0,
0xb6c43e93d4c53f26a691bc0736f3a9930ddaf7b4,2026-01-02T15:43:06.302322,False,0,0.000423,0.0,0,0,
0x027b8e0fd7b427d691e5ae461263569eb729b9ea,2026-01-02T15:43:06.310846,False,0,0.00786,0.0,0,0,
0x3a14fa9068bf457d8f6f82995cd600dcb341c1d3,2026-01-02T15:43:06.330723,False,0,677.867191,0.0,0,0,
0x92cb020cc24c2538eb20841f61ab1acb4e6bbc0d,2026-01-02T15:43:06.387614,False,0,3583.08626,0.0,0,0,
0x3a5d12c3ea5708072f7692b23ac786583b8b9f92,2026-01-02T15:43:06.318455,True,90,2399.57751,555.19006,0,0,
0xe857e18c8ad24f98a8c9ce74087292577233d5c8,2026-01-02T15:43:06.380795,False,0,1736.899408,0.0,0,0,
0xa9b2ae02cdb81465a1eebac6ce34172b9abb0ff9,2026-01-02T15:43:06.497874,False,0,19221.205064,0.0,0,0,
0x8babdc7cd7635fde59eeafd87e4afdc46603ed39,2026-01-02T15:43:06.546563,False,0,0.657634,0.0,0,0,
0x30bacd39478989759a98347297e4589609a63b2b,2026-01-02T15:43:06.631416,False,0,0.0,0.0,0,0,
0x3cdff59efc7f4edd3f98eaf3e6c7086f8f78841b,2026-01-02T15:43:06.676278,False,0,0.0,0.0,0,0,
0xac3f3deadcd49cb5ceb1741d24cc930136b82025,2026-01-02T15:43:06.688785,False,0,114.193447,0.0,0,0,
0xdd76d1ed8e515968397f4b666ed814bb067cfc40,2026-01-02T15:43:06.697243,False,0,0.000921,0.0,0,0,
0x3e2493fe35c0d136373183f11f022aba5c9f4f58,2026-01-02T15:43:06.729457,True,1,602.247625,89.607,0,0,
0x2c0e972f27f0e7be21f2e7c93c2dd1d1cf390b7b,2026-01-02T15:43:06.813790,True,7,429.457724,345.367734,0,0,
0x6c36bdc1b0a00d793ec9c0c13b402d1a855e7519,2026-01-02T15:43:06.807343,False,0,2827.219799,0.0,0,0,
0x551ab32307646a5cac135d12543cbb86d7608645,2026-01-02T15:43:06.808881,False,0,16.00186,0.0,0,0,
0x0674899ce7a5eadb4e8cc204da6fcb8846979476,2026-01-02T15:43:06.884240,True,1,39.510151,15.457207,0,0,
0x271b20bb300976c13e776698dc3843598087bb47,2026-01-02T15:43:06.942139,False,0,13401.901756,0.0,0,0,
0xe449a2537a97db70b51798a8c0e632b43285fb7b,2026-01-02T15:43:07.058923,False,0,0.009505,0.0,0,0,
0x0174bcff3b2a8efba7210d69fefb957b451d69f7,2026-01-02T15:43:07.080681,False,0,1556.176452,0.0,0,0,
0x9b12cec9674ce8f1b95863b6556da4856b38a26b,2026-01-02T15:43:07.196469,False,0,379.76714,0.0,0,0,
0xce8acbf731a742328a43d210cc9e091987f1c4d5,2026-01-02T15:43:07.208786,False,0,568.147736,0.0,0,0,
0x2a052a10be9b324722e49d72208d720ee57cd437,2026-01-02T15:43:07.067026,True,1,788.222486,24.499238,0,0,
0xe4380ae7975b786a8b56264bf91f962feae11d65,2026-01-02T15:43:07.114465,True,1,1941.43747,71.44375,0,0,
0x1159bc1a57cd0d89c312b989d0abab026ec7f5be,2026-01-02T15:43:07.080548,False,0,0.0,0.0,0,0,
0x04aa3ce65a0bf7d74f7013aed54a491d411aa788,2026-01-02T15:43:07.334562,True,75,11204.76243,8144.102315,0,0,
0x0a1e92348b720213c5f47ce37ff728e1361d4e92,2026-01-02T15:43:07.315984,False,0,67.504576,0.0,0,0,
0x215ce85a14551571651ac89a76c38a19a568243c,2026-01-02T15:43:07.220724,False,0,0.0,0.0,0,0,
0xaa762dcc741f554f16b43544867524c7ee313c03,2026-01-02T15:43:07.510964,True,1,153.44627,3.320782,0,0,
0x158c4b3c58ad75794c2d13bf7c9e5911c20be24d,2026-01-02T15:43:07.489467,False,0,1435.807866,0.0,0,0,
0xdbf4c7c5f03783c9b16c7d6856fc60857c6a6d33,2026-01-02T15:43:07.589082,False,0,80.83743,0.0,0,0,
0x2626560f884d08a4d2c30800d826d3f60fee1097,2026-01-02T15:43:07.675445,False,0,0.0,0.0,0,0,
0xe7aa7c4c4b8ffb0bd32f21d7b193d87653151b74,2026-01-02T15:43:07.604178,False,0,127411.352737,0.0,0,0,
0x5f442982d99014e5a20041f32695ec677bcd993b,2026-01-02T15:43:07.673666,False,0,0.25637,0.0,0,0,
0xc1ff00a166b122ff1acb9c3d520bb2e9222519cf,2026-01-02T15:43:07.771278,True,1,55.186602,38.262189,0,0,
0x35b5d0398429785e5071560252e8a33d0bd57248,2026-01-02T15:43:07.806306,True,1,65720.553351,53117.790112,0,0,
0x7f2ebc8446f04e3edfd86de94537eb5d6ada20e8,2026-01-02T15:43:07.874315,False,0,33.668805,0.0,0,0,
0x09ccba63e8eb96dd72d0e05c5aeb61fe5472e65c,2026-01-02T15:43:07.897306,False,0,0.004313,0.0,0,0,
0x3e0f2d4aa828f2aa19deccf8a6bd0360c746cf48,2026-01-02T15:43:07.906417,True,2,5146.139421,5508.185494,0,0,
0x8844eb7b4e11adbedfb87739c83f151bf0e32c64,2026-01-02T15:43:07.932653,True,1,105252.066933,10051.515904,0,0,
0xbae3f40932a9aef6c4af9739cd0c32f187a2a7fe,2026-01-02T15:43:07.985218,False,0,194.715316,0.0,0,0,
0x82e0c33334c997b7e33bb6a1a8659cf3b2f3b854,2026-01-02T15:43:08.117873,False,0,1088.715426,0.0,0,0,
0x7225c9d9bf8db367c34b02b25bfb21975789a814,2026-01-02T15:43:08.108178,False,0,0.006067,0.0,0,0,
0x9f72219c09c4a5b1d939eae7c9263a39a36829ed,2026-01-02T15:43:08.158795,False,0,3646.147244,0.0,0,0,
0xeeed381cec49c3b9ca4ac827a33c23279a2124c4,2026-01-02T15:43:08.175450,False,0,0.0019,0.0,0,0,
0x7fbab3bf2286daa18e680b857bf1fdbf666279cb,2026-01-02T15:43:08.227388,True,1,52816.253948,621.889456,0,0,
0x5d624389b09eb1da1b00473c12dbdfd8c65a17f2,2026-01-02T15:43:08.283808,False,0,53.572729,0.0,0,0,
0xe50227befd91fb62fdec5a54fef3e61b32c237df,2026-01-02T15:43:08.283978,True,1,1199.583952,177.607233,0,0,
0xf5996cfefd48a664904d5e1f4729227b600e7a8e,2026-01-02T15:43:08.293883,True,8,12761.289836,7463.494751,0,0,
0x8552b1ff79e760a16f8473bdbdc0d55a3d3ae36d,2026-01-02T15:43:08.340685,False,0,0.0,0.0,0,0,
0x7fa77093e83c9292c2357ea799ac2c57ec138203,2026-01-02T15:43:08.381748,False,0,0.002824,0.0,0,0,
0xd68ea1233b1256ba9dd6a28395c00368273d3366,2026-01-02T15:43:08.506581,True,6,1943.32607,1014.963906,0,0,
0x7dfaf25ebd74f8f01c9e837058b31697d1b9dd37,2026-01-02T15:43:08.521226,False,0,480.523909,0.0,0,0,
0xec87b9179e688c4e8ad3e33384f43856b35c4114,2026-01-02T15:43:08.549540,False,0,9119.174186,0.0,0,0,
0x53df3ca1e22bcec426ab5fb40bc0861f0ea07157,2026-01-02T15:43:08.592126,False,0,0.002286,0.0,0,0,
0x16d14e5aae3fe9af66a036d833b1ee10df6218e0,2026-01-02T15:43:08.620118,False,0,2120.525472,0.0,0,0,
0x0e09b56ef137f417e424f1265425e93bfff77e17,2026-01-02T15:43:08.697922,True,1,767259.716215,767258.856688,0,0,
0xad3cc00e9201a7aa8589edab74a8c38b6277ef77,2026-01-02T15:43:08.682949,False,0,0.0,0.0,0,0,
0xd937cb720de49f28afae787e06ce0bdc5f11a951,2026-01-02T15:43:08.683239,True,3,55964.393779,35563.424033,0,0,
0x0e296e41c3577b396aa552f4cf2a72b0fd0a7511,2026-01-02T15:43:08.727293,False,0,99.849394,0.0,0,0,
0x32e105192d88e16fd7b0de7a4a075c5ba674bc1e,2026-01-02T15:43:08.788878,False,0,453.399399,0.0,0,0,
0xd3f0995898b14110f35e3e793a1db9a039a868d7,2026-01-02T15:43:08.919019,False,0,0.0,0.0,0,0,
0x456f7b440f93b2cb0d221e7383949b027472bc02,2026-01-02T15:43:08.930770,False,0,0.001772,0.0,0,0,
0x6b387f13443a840008e88db8732e5f27c0ce44d6,2026-01-02T15:43:08.977651,False,0,77.245675,0.0,0,0,
0x517009befb2cf8ea5144df9bde268a6b9a2af619,2026-01-02T15:43:09.049435,False,0,0.0,0.0,0,0,
0x23ef40c6c2630c844ece2808b36d462a98efd53a,2026-01-02T15:43:09.042907,False,0,1085.315689,0.0,0,0,
0x98fb3d4dc8eb9a8ffb65c7fd764939ab6effb99e,2026-01-02T15:43:09.092092,False,0,1142.825991,0.0,0,0,
0x5881ab910c6888bf9d0ae420d242d6dc774456f4,2026-01-02T15:43:09.092890,False,0,1.0,0.0,0,0,
0x0bfd7184618b06f220c3e2f74838be51a83d97b2,2026-01-02T15:43:09.093529,False,0,0.0,0.0,0,0,
0x53fd31e5f740ce3733199a93466596dafd983aae,2026-01-02T15:43:09.117301,False,0,0.0,0.0,0,0,
0x6c1edefb01b42fa27940d4a84d3eb972678d15c3,2026-01-02T15:43:09.192097,False,0,33366.062002,0.0,0,0,
0x3021a59f56cae360183c40965d7059a4a73a7ba7,2026-01-02T15:43:09.310682,False,0,0.0,0.0,0,0,
0x5e56664f50dc953fcdf4b4fbea23ce2f49977e4a,2026-01-02T15:43:09.342337,False,0,0.0,0.0,0,0,
0xf3ea5b80e50fd1dcdcfb71948d86125b98d10922,2026-01-02T15:43:09.359137,False,0,24.492129,0.0,0,0,
0xe01ff44ed40070b19cc967b4f062c1b633f29195,2026-01-02T15:43:09.455515,False,0,316333.321139,0.0,0,0,
0x9eadd1782f80a8a33b6974e5b84398d745f7daf8,2026-01-02T15:43:09.466334,False,0,1778.667355,0.0,0,0,
0x82210fbed5336cb60bc23e27703713a2d10136cf,2026-01-02T15:43:09.487455,False,0,7.042291,0.0,0,0,
0x0cd16f3f840852b17db7f47c270bbd1a9d082bf3,2026-01-02T15:43:09.487307,True,4,33477.260036,11871.979606,0,0,
0xaf11b310b7c49b842589dfdf3d2dcbd3f78072f9,2026-01-02T15:43:09.488194,False,0,0.0,0.0,0,0,
0xab7fdef5158d7f8363bdb9e644c5dcf70e1f173c,2026-01-02T15:43:09.500397,False,0,96.028455,0.0,0,0,
0x98dba70109fc5db40d8cbdfa6bde9cb25593f150,2026-01-02T15:43:09.592275,False,0,0.0,0.0,0,0,
0xb006034cb553f4db9682eab0f0453ae1cf93564d,2026-01-02T15:43:09.695140,True,1,4102.174036,3135.793808,0,0,
0x97fec1cdc7537d89bb4bcd882adad7dbab2f6b53,2026-01-02T15:43:09.759071,False,0,68963.826025,0.0,0,0,
0xd8fb12add67586d3b491cb2e514e2c7b4cf00034,2026-01-02T15:43:09.747440,False,0,7.567493,0.0,0,0,
0x2669f508f456efae73c86d99d373f885c7b32b39,2026-01-02T15:43:09.852963,True,2,2723021.076008,175566.579656,0,0,
0xa2e366c4e2d453cab49cc9c64f0670fd2fd060a3,2026-01-02T15:43:09.871921,False,0,31238.05353,0.0,0,0,
0x8db59728346885b8b08186ed807589153b5e7b7b,2026-01-02T15:43:09.881362,False,0,192.910306,0.0,0,0,
0x9b02f21a6621897cb0bd7e76a8e9f9dc06e05588,2026-01-02T15:43:09.853162,False,0,0.001483,0.0,0,0,
0xda59cb3cb6bb409b1f7a2db4362e595f75210647,2026-01-02T15:43:09.880869,False,0,0.008589,0.0,0,0,
0x54aba9aefa6c801e3364c93063bc27933905c7ae,2026-01-02T15:43:09.893969,True,2,47951.492986,12897.685163,0,0,
0x55a8f87e59611f86a31a58b361038f36fbded9ea,2026-01-02T15:43:09.999725,True,2,45611.166269,5696.13,0,0,
0x6885db8e9e82682e9219f1a3cb46d2b92c68fbd0,2026-01-02T15:43:10.089879,True,1,3775.965245,429.928615,0,0,
0x3e6ffc64a7e0e34ec6c739fea5f1774df728771f,2026-01-02T15:43:10.175019,True,1,4399.184772,2803.736182,0,0,
0xd97c9a8ed8635ccc21632f2eea21ab8a7740bc92,2026-01-02T15:43:10.174425,False,0,12.760261,0.0,0,0,
0x09cc5fd0d8ddcd025ccac4acbce783c575d0386d,2026-01-02T15:43:10.261050,False,0,0.0,0.0,0,0,
0xa6afc4610acc35afe818df9039baebdf386892c8,2026-01-02T15:43:10.305985,False,0,92045.654589,0.0,0,0,
0x2e8eecede20f8dc924648dc965201e5ccecc3435,2026-01-02T15:43:10.311179,False,0,6.085985,0.0,0,0,
0x3e5bde633de8134bcd38365085a7e975228da588,2026-01-02T15:43:10.311928,False,0,0.0,0.0,0,0,
0xb919902cba23d44d587f917538a31319de01b62d,2026-01-02T15:43:10.323367,False,0,8.926473,0.0,0,0,
0x409825343b78fa148b15774785c372e9503c53de,2026-01-02T15:43:10.329998,False,0,0.0,0.0,0,0,
0x8cd1d3a583515645d4e4053e3c668f18dd8de56a,2026-01-02T15:43:10.392102,False,0,1997.879227,0.0,0,0,
0x7e89550693bb2030f668c16fbba7a1e28d49a836,2026-01-02T15:43:10.477455,False,0,0.007701,0.0,0,0,
0x41efd5eb21a4dd5c331f25c4ad6df8fe8ad7f896,2026-01-02T15:43:10.569121,False,0,0.0,0.0,0,0,
0x1a612e6944a60f2bf8217c7cba81a82e66a79b07,2026-01-02T15:43:10.567614,False,0,0.001956,0.0,0,0,
0x5c818b83fc301dd0bfd524c5305f3f0b79618102,2026-01-02T15:43:10.653096,False,0,0.0,0.0,0,0,
0xc8cf30bdfaa8c6e98020add9ac520d38aca53458,2026-01-02T15:43:10.702616,False,0,4.436327,0.0,0,0,
0x66113490dc70938de593272785e52aea1c86e8a4,2026-01-02T15:43:10.720360,False,0,6.447337,0.0,0,0,
0x7c81227509daa65df5f9dab81af479cb4d39c190,2026-01-02T15:43:10.702048,False,0,0.004449,0.0,0,0,
0x8e839edded95aa7fef20dc416dbef91f7c916baf,2026-01-02T15:43:10.727445,False,0,12783.635554,0.0,0,0,
0xe80785a1cb7524d77aa5a7523f330cfbfdaae30d,2026-01-02T15:43:10.727009,True,1,1420.557847,111.420087,0,0,
0x18e0c5ae56412f30190746f919b9322b9cb515c5,2026-01-02T15:43:10.874308,False,0,15308.142526,0.0,0,0,
0x6c8031a9eb4415284f3f89c0420f697c87168263,2026-01-02T15:43:10.787775,True,1,2549.233651,2499.178984,0,0,
0x1638561ca2e934a08cff22c19d6ac6e0407d2ad8,2026-01-02T15:43:10.953292,True,1,132800.917566,21587.854661,0,0,
0x292c790817deaba1747f54905963857763e6567f,2026-01-02T15:43:10.952862,False,0,20785.13213,0.0,0,0,
0x2ffbbc6913fe3d445d07bb30e738e582b6928443,2026-01-02T15:43:11.042202,False,0,0.0,0.0,0,0,
0x01b002ac8c15de40eaee07fcbaa585400f7916fd,2026-01-02T15:43:11.105091,False,0,3031.870357,0.0,0,0,
0xe87a4a33948fcbd138679522cf11f0455eda95a2,2026-01-02T15:43:11.121388,False,0,0.005206,0.0,0,0,
0x5b557472758e19fd3cc80819d68046957882b523,2026-01-02T15:43:11.126199,True,1,305476.05987,105585.596166,0,0,
0xf80d10665b2e075870f7ac3f120a4a2f9ae37491,2026-01-02T15:43:11.132502,False,0,0.004272,0.0,0,0,
0xc81dd6c8424a398f48883ab798f4af06f1fefaec,2026-01-02T15:43:11.105572,True,10,30120.447604,3238.973032,0,0,
0xdd71ccc7d4942524668246843488a2623839686d,2026-01-02T15:43:11.271794,False,0,100.049212,0.0,0,0,
0x35849bf11e60a66d11ca73a2a98719ac9086688e,2026-01-02T15:43:11.271244,False,0,0.000484,0.0,0,0,
0xd37ed9cf3bd19b454071342ddd92ad61044c671f,2026-01-02T15:43:11.389759,False,0,0.005494,0.0,0,0,
0xc5eba9d6b16cca5785609ffa1a90c4a027000e8d,2026-01-02T15:43:11.425503,False,0,0.0,0.0,0,0,
0x9c7be9ed7f7a65a33935485318312ba07cc6c2dc,2026-01-02T15:43:11.449326,False,0,1448.921959,0.0,0,0,
0x3a2efa35f84cc8af66d7e0857ca63dcd6b53e55e,2026-01-02T15:43:11.490138,False,0,293.706311,0.0,0,0,
0x54ff9ccb649b16d0e64d95f2d42d1a08edad7b92,2026-01-02T15:43:11.509902,False,0,0.0,0.0,0,0,
0xcaa5d4b26ee4a13c98b115cd37bc6513d781f1db,2026-01-02T15:43:11.510088,False,0,200.21256,0.0,0,0,
0x73cdb908d35a926124391cc12becc064fad48532,2026-01-02T15:43:11.521755,False,0,335.481266,0.0,0,0,
0x7777af7a0a25f5df4ed5038c0e733121cc7dad3a,2026-01-02T15:43:11.528885,False,0,1.00426,0.0,0,0,
0x56a6d21e995aa4f1307a092ac6f519cf4e1888aa,2026-01-02T15:43:11.663546,True,2,30336.606096,1229.7695,0,0,
0x3cd22cbd26be7f3176b2dd069cb788b070dfdfe7,2026-01-02T15:43:11.678263,True,2,370.999525,45.008235,0,0,
0xb067dfe8922690884fb887999321f68bf841f19a,2026-01-02T15:43:11.774534,False,0,0.00807,0.0,0,0,
0x5f189114b42e6020b3cc9960a0e168cb47e38c5c,2026-01-02T15:43:11.820712,True,1,78.435189,59.276823,0,0,
0x62938ac3c1fe3d2a56827137c04a2da2a1ca78ed,2026-01-02T15:43:11.839826,True,1,11727.000196,988.352,0,0,
0x181398308c18b9880dce3ba2715b5372aac576d4,2026-01-02T15:43:11.897323,False,0,1586.759756,0.0,0,0,
0xfab0ef48accd1349b684df5a117e7e29bfe57cf8,2026-01-02T15:43:11.875425,False,0,7856.614462,0.0,0,0,
0xdad5a5dcdb3df0f75d63259ffa7e133b05f4829d,2026-01-02T15:43:11.908846,False,0,127.812517,0.0,0,0,
0x481d6c28e32097ccd6d38505e61a94ef6e964adc,2026-01-02T15:43:11.898938,True,1,519.757616,353.881973,0,0,
0x6ab645ffb20c5ab0d57c2fd218d4c3bd22273cc9,2026-01-02T15:43:11.930329,True,1,103747.863295,94797.351666,0,0,
0x7b73dfae34492a35715ca037b19e006befdbe4cc,2026-01-02T15:43:12.080930,True,1,22585.890062,4387.36193,0,0,
0x7656bc53ba39ed940e3d09eb07084f35aee0c204,2026-01-02T15:43:12.175424,False,0,4006.787387,0.0,0,0,
0xe1f43acdddcff3debc5fd6deed8ad721125dd1b5,2026-01-02T15:43:12.266580,False,0,0.0,0.0,0,0,
0x489a0062f3195de0bed16ecfce1b5de7a4424b39,2026-01-02T15:43:12.064114,True,1,32.437162,11.314341,0,0,
0xb4a65eb079bc409e109fa90b6f94b6cb79893e4c,2026-01-02T15:43:12.304387,False,0,0.008993,0.0,0,0,
0xe927f4a34074229d5432c17091af8828514498ef,2026-01-02T15:43:12.292068,False,0,3262496.715241,0.0,0,0,
0x31f4eb2a0372a6448ea345ade43f521be5dfcaab,2026-01-02T15:43:12.302379,False,0,0.009292,0.0,0,0,
0xbc4c0177c6b5b1d17d46162dea0714fa4f0369f5,2026-01-02T15:43:12.218924,False,0,384108.319311,0.0,0,0,
0x39969d668e6fe0a252e8719e0a6fc51597c896aa,2026-01-02T15:43:12.286410,False,0,0.004524,0.0,0,0,
0xef723d97abd6f16d561a0f47e1ce3992e662b5e5,2026-01-02T15:43:12.348664,False,0,16.969141,0.0,0,0,
0x77d195224fd4681a69494e46bec189ac74820a05,2026-01-02T15:43:12.480794,False,0,0.0,0.0,0,0,
0xfb824476e818bc4b8e68e02a92ea483a22e8c2b2,2026-01-02T15:43:12.644542,True,1,17738.634695,142.82862,0,0,
0x3865b5d0db70a7e6781811db3164c727a608bab2,2026-01-02T15:43:12.683656,False,0,0.0,0.0,0,0,
0xe1d447b9a31e953461f3c0cda1dafc53c3e48c3f,2026-01-02T15:43:12.694488,False,0,0.0,0.0,0,0,
0x05c6959d997cde99d2f967367e5e9f1959ba9706,2026-01-02T15:43:12.682771,False,0,48089.093788,0.0,0,0,
0x69443708e5135532d435b7d1a3b7e6bdc481a800,2026-01-02T15:43:12.706392,False,0,19553.145934,0.0,0,0,
0x504c278971ec2aa41dc051becf9f4dcea0121443,2026-01-02T15:43:12.746967,False,0,0.001988,0.0,0,0,
0x4f0befd294c1fea95d3343e0deb88ea08c6623a6,2026-01-02T15:43:12.750497,False,0,0.0,0.0,0,0,
0x2b796a3b531cae1195545ea2f023bfebddb9aaae,2026-01-02T15:43:12.728732,False,0,50000.004499,0.0,0,0,
0x6f1315888d56d062448169843de7637fe48da642,2026-01-02T15:43:12.758571,True,8,2157.900116,232.295525,0,0,
0xec536d80dc8b23c73de96f2776b2b989a9300d6e,2026-01-02T15:43:12.890612,True,1,324.603922,323.884558,0,0,
0x427efb4c5fcf66ce66b196dc636c2fd570a71885,2026-01-02T15:43:13.104794,False,0,0.004518,0.0,0,0,
0x41d33189df621050bd4fc39d3cda5e18eb42949b,2026-01-02T15:43:13.104115,False,0,0.0,0.0,0,0,
0xce2b4986fb905fc6ac2531838b11bb1be27db810,2026-01-02T15:43:13.100682,False,0,0.000633,0.0,0,0,
0x84cdbd3d8d65d4c5ccb16d9af5524c44573cb114,2026-01-02T15:43:13.119656,True,4,4933.787964,402.540177,0,0,
0x4bbc592a7b0b8e38731a672939ed5f74df117aab,2026-01-02T15:43:13.175383,False,0,0.0,0.0,0,0,
0xb26e28322e6f3b6854392234b08ad45aba3de7f0,2026-01-02T15:43:13.148072,False,0,1460.208195,0.0,0,0,
0x84b88546e0b6b9e76f59c384bfe320390a43ea22,2026-01-02T15:43:13.159684,False,0,0.0,0.0,0,0,
0xfc7762ac81d76ed9ac544f312dab47f6849ebfdd,2026-01-02T15:43:13.185402,False,0,0.003029,0.0,0,0,
0xbc1bef8990e4515959a04e60bb5ac9535cab1950,2026-01-02T15:43:13.066283,False,0,0.00389,0.0,0,0,
0x786832b0dccd05a0516dc080a8429a512d884dfe,2026-01-02T15:43:13.343180,False,0,0.0,0.0,0,0,
0xc80a38405f929b92bd889f3e5d438c342e498aca,2026-01-02T15:43:13.487968,False,0,0.006493,0.0,0,0,
0x7e4e766d0ae5ea9cded0c694669194db92800107,2026-01-02T15:43:13.497367,False,0,0.0,0.0,0,0,
0x99663653db4114365a65250aefb18bf70795a361,2026-01-02T15:43:13.512744,True,1,186.150304,45.817713,0,0,
0xefb9bd738480a9030b5f0e825ab1068752e433ec,2026-01-02T15:43:13.516076,True,1,9201.37233,1344.285,0,0,
0x2922b3dec7d51669033801153d57dbaaab35f226,2026-01-02T15:43:13.571464,False,0,75000.007473,0.0,0,0,
0x8708955f9dda1a9b88c72c31febab4ce7a23ddde,2026-01-02T15:43:13.565939,False,0,907.705844,0.0,0,0,
0x988e36b2acf37f00ac952ca7248bbde2635ff973,2026-01-02T15:43:13.572561,False,0,24.815681,0.0,0,0,
0x17130c903430c63ac23b5b6611eedaf749758c29,2026-01-02T15:43:13.601163,False,0,45000.000871,0.0,0,0,
0x0bfc6c8a8c97ab0126e08cee5064f95cf4ccad37,2026-01-02T15:43:13.618547,False,0,0.0,0.0,0,0,
0x234415043b1fff486e8315a14f4bcd4af1e7513c,2026-01-02T15:43:13.755109,False,0,0.0,0.0,0,0,
0xd51e9ba38f64921dbb3b1b4799bb92d0a271625f,2026-01-02T15:43:13.880887,False,0,193.06116,0.0,0,0,
0x6399f758c8556766ecab2ef500bd7dc94ab2e967,2026-01-02T15:43:13.905476,False,0,88.005558,0.0,0,0,
0x2ac4880624dae9e823874d65e43bfeba97fc61b5,2026-01-02T15:43:13.907570,True,1,258812.614385,12889.841796,0,0,
0x164f639aa7ea8dda1d42ebfa930d8ccf34ffa327,2026-01-02T15:43:13.959541,False,0,0.006473,0.0,0,0,
0xbbc3c815ff8a387e1414945cbfbe20e6fb42053e,2026-01-02T15:43:13.933949,True,1,614.13652,592.345926,0,0,
0xc1d6354dbf70251059ee339e40d4cb28c504d90b,2026-01-02T15:43:13.957503,False,0,0.0,0.0,0,0,
0xda65d415cc9d5ddc2a08bdffc996750755fc3cf0,2026-01-02T15:43:13.947899,False,0,0.001508,0.0,0,0,
0x0b03698862aceb894fc3490b89944cb3e7852fe6,2026-01-02T15:43:13.988532,False,0,0.001062,0.0,0,0,
0xf543921b724555294fab334e6e6ead770d09c327,2026-01-02T15:43:14.019084,False,0,0.0,0.0,0,0,
0x3d865a982e01b2650ed6388599effe6b05fa9ec6,2026-01-02T15:43:14.141146,False,0,868.902382,0.0,0,0,
0x157cb1763782765dc01e872592e985b32a50ae06,2026-01-02T15:43:14.301029,False,0,6.949937,0.0,0,0,
0xdd65c259a64580a2f43f920dde75bc8ee2e9dd4c,2026-01-02T15:43:14.298432,False,0,0.008244,0.0,0,0,
0x728f440034cb8b1b2e0141951802f903969eda2d,2026-01-02T15:43:14.316131,True,1,20920.073344,17983.823392,0,0,
0x93102da2543b6cdbb804320db4b52b533c0a7410,2026-01-02T15:43:14.353072,False,0,83.8601,0.0,0,0,
0x429b8669949c6502abf1f2ef73590d42dc115b39,2026-01-02T15:43:14.352666,False,0,0.0,0.0,0,0,
0x26bc7563536be15dc816aafbeb443e4527c4624d,2026-01-02T15:43:14.351912,False,0,0.003096,0.0,0,0,
0x67df2e3647c22197bb63ed3d43b6d0dd949c52d7,2026-01-02T15:43:14.351689,True,1,801.400785,381.161776,0,0,
0xb5a9c8809bd39cdd159140f66f710de4f5856baa,2026-01-02T15:43:14.404358,False,0,0.004655,0.0,0,0,
0xa36543f295b6b29fad014af7f951eee03cb97549,2026-01-02T15:43:14.382141,True,3,156893.686829,93589.088837,0,0,
0xaacf9c280ff816b23af461c67a63fe52326a98f9,2026-01-02T15:43:14.531593,False,0,128427.083392,0.0,0,0,
0xc54762fc35c9ff6eebc982100c6d0c7da06dbe08,2026-01-02T15:43:14.685825,False,0,0.0,0.0,0,0,
0xc710a7629a36ff4fc603c7b9a5d333eb6ad3014b,2026-01-02T15:43:14.687453,False,0,1103.514027,0.0,0,0,
0xe5db4984b325acdbefcaf4bb008f01d8bd5e27f1,2026-01-02T15:43:14.713574,False,0,0.0,0.0,0,0,
0x393451651a91ef458e954db8804d42ae15bbc813,2026-01-02T15:43:14.749336,False,0,9240.571108,0.0,0,0,
0xa6d945207fa56548bc869050cb3b41561b36bfd3,2026-01-02T15:43:14.747673,True,1,142.089431,5.67732,0,0,
0xf899bd08062d5c06a5fb70cf05c199b05343e59c,2026-01-02T15:43:14.747512,False,0,0.379781,0.0,0,0,
0xeae62a6357207259f2e0c73fbbe4124cd61beb20,2026-01-02T15:43:14.794379,True,1,166.904472,10.373399,0,0,
0xc51f76ea39fd55de04af2944010fa6ae825ec2e3,2026-01-02T15:43:14.816466,False,0,0.0,0.0,0,0,
0x4bf125eaf40ba15a8f267f8bb3ee56b70883e545,2026-01-02T15:43:14.749742,True,1,164184.92256,80913.940089,0,0,
0x2a2dde80f05a555421a89be47b06815b10e1bd5f,2026-01-02T15:43:14.941360,True,1,41982.21114,541.37446,0,0,
0x9b30303788deb629efd67f7c1f0dbf15e9a67c01,2026-01-02T15:43:15.076711,False,0,22548.05809,0.0,0,0,
0x21e9cef6d86eb2891de9b1136c0f036a8ec2fa62,2026-01-02T15:43:15.076594,False,0,512.199272,0.0,0,0,
0x2acc5bb909889ee1505dcc8c9d8722c4b5192409,2026-01-02T15:43:15.149448,True,1,933.1848,358.476,0,0,
0x49f9cdd3fa8cae85351dc9cc02be0ca6dd1e6ee5,2026-01-02T15:43:15.135899,False,0,55000.00597,0.0,0,0,
0xb0753354b7fdaac1031617853f6357942e414b09,2026-01-02T15:43:15.158892,False,0,0.323692,0.0,0,0,
0x8885727afa3c71c64a962e3eb9f612db7dcf8f7d,2026-01-02T15:43:15.158705,False,0,27.640257,0.0,0,0,
0xf776dfe3608fa835753938bf0a048b4b35af86b2,2026-01-02T15:43:15.205587,True,2,606.421976,28.474412,0,0,
0xb1e7387f22e3c1268a427194f0cea95d4357f2a3,2026-01-02T15:43:15.187667,False,0,0.0,0.0,0,0,
0x237dd7569e709b25f607dce91bcaf7016171ebd8,2026-01-02T15:43:15.210600,True,2,52219.480019,34341.789935,0,0,
0xea75517e2dc1d59eddc8ea6a207a0878c55d55c6,2026-01-02T15:43:15.337006,False,0,0.004503,0.0,0,0,
0xcb4a4e83bc5163db8249cb7f64b39399dd5ffab4,2026-01-02T15:43:15.461934,False,0,0.0,0.0,0,0,
0x9779e546e712f4b331f948a862ef621fdfcc4889,2026-01-02T15:43:15.495742,True,20,24471.525439,11669.414449,0,0,
0xd2cf1b27e1be90b193fc037b6c043da97cf04283,2026-01-02T15:43:15.547729,False,0,0.0,0.0,0,0,
0x8819fcbf46419d6ba68e948f372e912faf1b591c,2026-01-02T15:43:15.553917,False,0,17161.445968,0.0,0,0,
0x4e935b522d7a4674a91945db6898cd5c313fa72a,2026-01-02T15:43:15.588867,False,0,243.635115,0.0,0,0,
0x5ac5fc9f6daf6de2e4f000e4a6bda9ab3f869a00,2026-01-02T15:43:15.580631,False,0,2391.528766,0.0,0,0,
0xa3ce55fefb11eca5fb5de70df83277bf0944435f,2026-01-02T15:43:15.602028,False,0,30588.503501,0.0,0,0,
0x274e152d3c39e24568baad97c340035a401c65ca,2026-01-02T15:43:15.638506,True,1,5.270864,0.672175,0,0,
0x03c55a8d62ce70289420760b7b39c290541a94b4,2026-01-02T15:43:15.605162,True,1,55498.771319,22088.7,0,0,
0x046cae58ab237cc7eb7ddb23b81a50523e4d9c7d,2026-01-02T15:43:15.747164,False,0,293.279844,0.0,0,0,
0x385d1da1104db83b3ff1eccdd30f308a2243f46d,2026-01-02T15:43:15.847365,False,0,0.0,0.0,0,0,
0x9d98535d791d614d3f90b426d8270e82500c57aa,2026-01-02T15:43:15.888963,False,0,0.001776,0.0,0,0,
0x4f23f946562d26f62a80c06b4a6909da371cc4f7,2026-01-02T15:43:15.943672,False,0,5078.975669,0.0,0,0,
0x906bce162e75b94aa50dd7dff03fcca7e1f6be8c,2026-01-02T15:43:15.953311,False,0,15483.214129,0.0,0,0,
0x460674560a8bb5d7208501a2c6cbfe680df738ce,2026-01-02T15:43:15.983252,False,0,1624.980742,0.0,0,0,
0xeca622a39c03ab4cb191bc09c9cc0dadb216eadd,2026-01-02T15:43:15.983077,False,0,0.0,0.0,0,0,
0x2a5927253f50de478a3de40156b130cca75333da,2026-01-02T15:43:16.020750,False,0,2709.828962,0.0,0,0,
0x8dbfd29ab4f7caff95b09849fe77778efd5dd1e2,2026-01-02T15:43:16.049766,True,1,52188.002458,52187.748602,0,0,
0x77dbf3ac0e76d01a3642430b4357c1283d229905,2026-01-02T15:43:15.975684,False,0,0.0,0.0,0,0,
0xc46d0c03fd977bac41f140f47156eefada676e34,2026-01-02T15:43:16.181018,True,1,2317.119406,2185.949175,0,0,
0x973162c7c96d8141b658e6effb5f610e92d322d7,2026-01-02T15:43:16.235611,False,0,276.542619,0.0,0,0,
0x1227c953c70c878408ed29e3fb3ccb6d5b32c3c0,2026-01-02T15:43:16.283388,False,0,0.003176,0.0,0,0,
0xefa43e9146a79e3c28bf19d6627a2eb409b2d2af,2026-01-02T15:43:16.335829,True,1,576.105882,30.699645,0,0,
0xe2cb2633b6868194d4c14d9484e3041bb0bb6425,2026-01-02T15:43:16.341529,False,0,0.0,0.0,0,0,
0xc8b9a58aadaacc392858ac8c0b8ffe0df4967c84,2026-01-02T15:43:16.371206,True,1,13240.822506,4507.81281,0,0,
0x21fb45b2874d260e49c09fbba256da15786fb99d,2026-01-02T15:43:16.387844,False,0,0.003601,0.0,0,0,
0x288ee1e64874e6621f91d3c8392dc213b6c90817,2026-01-02T15:43:16.413388,True,1,500.794512,100.323599,0,0,
0xd412c2ead1147a7811371760acd654f7c7d132ab,2026-01-02T15:43:16.468746,True,2,207.255746,36.086973,0,0,
0xcd129eed8079258cfa9abb2c653bb736b2277419,2026-01-02T15:43:16.507311,True,1,32958.237351,21468.8292,0,0,
0x5895c3b1c5be8462796f3a9e728cd0a0ac4a8f2f,2026-01-02T15:43:16.574352,False,0,0.002405,0.0,0,0,
0x2c99659263cd3323977397a08d4b03da427e2416,2026-01-02T15:43:16.623375,False,0,0.003813,0.0,0,0,
0xcac4367e0d15e09ca2a11c550f2a7b370c94118e,2026-01-02T15:43:16.672605,False,0,0.4351,0.0,0,0,
0x1ffe3107cba411f71dc061f4459c743b581c74e1,2026-01-02T15:43:16.728975,False,0,256.022404,0.0,0,0,
0x7a2bd396f9c88e8c577726f1afe57eae625ce398,2026-01-02T15:43:16.748025,True,1,1359.33598,18.966687,0,0,
0xffeecb37742ced7f8e78fb85a25c57e292670bf4,2026-01-02T15:43:16.757556,False,0,153.193399,0.0,0,0,
0x596c2e4a02a6c13427d22ca55f88cf59154a41e4,2026-01-02T15:43:16.775171,False,0,10.403625,0.0,0,0,
0x3a1da0ebb29701f4eb11edc52c2101614b23f25a,2026-01-02T15:43:16.818783,True,1,1107.452356,1096.716969,0,0,
0x0077137b6ab435f03d3d97f76ba7b4a18858fcdf,2026-01-02T15:43:16.960437,False,0,715.616265,0.0,0,0,
0x8626ace9c174a77fde77e752f8d7b60551d88473,2026-01-02T15:43:16.958878,False,0,0.003338,0.0,0,0,
0x298e311c7455eeb1ac460d9760cfb6e11ab9ad8f,2026-01-02T15:43:16.883317,False,0,598.026755,0.0,0,0,
0x5c4a0697f53152e76e13c6a02f3321351dc2d187,2026-01-02T15:43:17.021779,False,0,17071.086055,0.0,0,0,
0x014d7edd162c664c2e5525d7e97e707a53f08834,2026-01-02T15:43:17.108778,False,0,0.0,0.0,0,0,
0x6d532964eaed1d6c24070c098d8655bd9383da6a,2026-01-02T15:43:17.065235,True,1,430.109084,343.620353,0,0,
0xae10415dcbcc2a7f13e9b302bb8585fdb60a66c9,2026-01-02T15:43:17.139420,False,0,83.972894,0.0,0,0,
0xdbe636734e83a7d1b656cad2797a81a1a33aa26f,2026-01-02T15:43:17.131041,False,0,0.005214,0.0,0,0,
0x372cb7a789e895e49101b15afcb8b7d91015170f,2026-01-02T15:43:17.244967,False,0,0.0,0.0,0,0,
0x5537d0126f7b5ffb390446b674a3345d72864d64,2026-01-02T15:43:17.371540,False,0,607.641871,0.0,0,0,
0xfb0c885ab8b514ae9ec4041e7a7a9890bde2e8f1,2026-01-02T15:43:17.180640,True,1,219.520444,219.515705,0,0,
0x64346ffcd7c9a457ea2a9d07eac089e2bcadeca5,2026-01-02T15:43:17.364973,False,0,0.0,0.0,0,0,
0xc46e67ae60101efffbcf23d777ec83268fb1308f,2026-01-02T15:43:17.424623,False,0,0.0,0.0,0,0,
0xb39a1eba42736e3e27fcb556fd358199639d1d66,2026-01-02T15:43:17.513819,False,0,0.0,0.0,0,0,
0xa111a794cbc37ad60d155fbe3dcbd5b37be698ec,2026-01-02T15:43:17.524005,True,1,17197.305,21363.86616,0,0,
0xc2fb5b18a335a84dfc2b422a59307b90085b3418,2026-01-02T15:43:17.566672,False,0,0.0,0.0,0,0,
0xcb1211bc6f347a50fa02172ae3d629e0fb9eb48c,2026-01-02T15:43:17.594074,False,0,0.0,0.0,0,0,
0x905ddfc674324a7d68b1a27708955aed27ef8805,2026-01-02T15:43:17.799873,False,0,96.90102,0.0,0,0,
0x17bc45a8b60194cb70fc46ec2a7232a9cbe553f6,2026-01-02T15:43:17.773412,False,0,6952.710358,0.0,0,0,
0x37456ea820f9f5573bffac4264f2f3bf846302b7,2026-01-02T15:43:17.365184,False,0,1.666048,0.0,0,0,
0x50174919350fd2944439ba719488b78ec4be9357,2026-01-02T15:43:17.871935,False,0,0.009486,0.0,0,0,
0x4cc1bb9acc76cb1716f875c922d3f9bef70db0d2,2026-01-02T15:43:17.859737,True,1,807.597169,99.881902,0,0,
0x3b56978773e30bd1edf771acd98638b2aae3f3e1,2026-01-02T15:43:17.873324,False,0,500.006671,0.0,0,0,
0x43a5d46352272f67e7b071984f9ff5ab25ba4429,2026-01-02T15:43:17.908466,False,0,63559.906487,0.0,0,0,
0xb4f64b5d067087dcbd8eefa709c5a3a072802564,2026-01-02T15:43:17.953621,False,0,1016.112421,0.0,0,0,
0xbad81e37c8d4657672e4ae61ba5a49084dc5949e,2026-01-02T15:43:17.923844,True,1,3425.116312,487.573333,0,0,
0x54b9f33002b44a43e4cb99a79a3a63512cae6646,2026-01-02T15:43:18.058849,False,0,0.000294,0.0,0,0,
0xe1cd12725d2cafbf83bb1429d41eba5b06916159,2026-01-02T15:43:18.227388,False,0,0.004276,0.0,0,0,
0xc1459e02aba0e79c1be8be51fab8fb3c053f7573,2026-01-02T15:43:18.245903,True,1,8.566978,4.79611,0,0,
0x30da5f3d8c8d428bcc43d8931530f3b3efe8c34c,2026-01-02T15:43:18.299410,False,0,180121.661674,0.0,0,0,
0x45d2489ae3b7536d0b933859337e8c16b8859b84,2026-01-02T15:43:18.296693,False,0,0.0,0.0,0,0,
0x788ed0671753e3ebb97aab33ed4cbb40f1aa6d7d,2026-01-02T15:43:18.340926,False,0,109.203854,0.0,0,0,
0xa2a31c959a1d63964b20838219e6ac307b248d18,2026-01-02T15:43:18.353461,True,1,63068.45713,8159.739028,0,0,
0x97bff6e46d556ad271f2b1d048c9129cdcf03e2f,2026-01-02T15:43:18.321613,False,0,0.0,0.0,0,0,
0x35b42edf17df1647c907b4ddb643a934724f8108,2026-01-02T15:43:18.380331,False,0,2.889258,0.0,0,0,
0x8293fdc6648dcd00b9194dfa0ab731b51e294f66,2026-01-02T15:43:18.376207,True,3,1446.962817,645.610551,0,0,
0x9827464d9b3819a40d1c85444b01ec5b43107f83,2026-01-02T15:43:18.503973,False,0,0.0,0.0,0,0,
0x7f7a7b1366612dd864c1e321e51bdc156f7ae966,2026-01-02T15:43:18.644877,False,0,0.0,0.0,0,0,
0xb30983eb1abf4621e26302ecca2db6f41bd1732e,2026-01-02T15:43:18.655401,True,1,315.756649,298.217264,0,0,
0x75959182106e50684e6640391edf72691162f256,2026-01-02T15:43:18.707527,False,0,2.092973,0.0,0,0,
0x7a2dec2cf9247964f22afae48fc7d6ad5b71e137,2026-01-02T15:43:18.697481,False,0,0.0,0.0,0,0,
0x8d2e34c5e6c29b1bfbcea4a9838f3978dcf83c19,2026-01-02T15:43:18.725347,False,0,0.0,0.0,0,0,
0x8eaffc2fb3e644362c3ef7213b421ea7930670d2,2026-01-02T15:43:18.749841,False,0,0.0,0.0,0,0,
0x06a5e3c362e987ea46b708457592deabf21bb060,2026-01-02T15:43:18.751707,False,0,289.220243,0.0,0,0,
0x3d3233156c7a58986f05b3f4c8c539c72502b107,2026-01-02T15:43:18.775355,False,0,0.0,0.0,0,0,
0x6b67cb5a6ebcfa3519350f8ea62205967ddaf1a7,2026-01-02T15:43:18.797342,False,0,0.007761,0.0,0,0,
0x032596a72e25e87ba6c4748560a67b7e62860f20,2026-01-02T15:43:18.929849,False,0,0.005249,0.0,0,0,
0xd807f75cd377aac342629a67e4775e9f74dfbb75,2026-01-02T15:43:19.032213,False,0,209.721147,0.0,0,0,
0x36f3383931c49d1359c7f2efdc45d12119220423,2026-01-02T15:43:19.077185,False,0,0.602022,0.0,0,0,
0x613767f30ebcb4960a98d7b439b33fe8591f4e5a,2026-01-02T15:43:19.093555,False,0,0.0,0.0,0,0,
0xe145a97a01ac61fd5faa866c15f58e672c532243,2026-01-02T15:43:19.089337,True,1,5804.248283,0.48598,0,0,
0xa488cb59af486c1ebd8f36b905a75abb7f7dfc76,2026-01-02T15:43:19.121883,False,0,0.00724,0.0,0,0,
0xce5179a6727dc7ac199ee999ba995dfae1152c55,2026-01-02T15:43:19.171619,False,0,238.04943,0.0,0,0,
0x9e4b843efa34b71dd477a7c56167b8e837ac5847,2026-01-02T15:43:19.167491,False,0,107.904131,0.0,0,0,
0x7cfe0a5ccc4028e93693707423c90423d7327733,2026-01-02T15:43:19.208722,False,0,0.0,0.0,0,0,
0x4b30f55490179e4b690bd1409e861ac9ba602391,2026-01-02T15:43:19.321190,False,0,2770.800958,0.0,0,0,
0xf3fb0b301ff6482461b1f3f231a18ef3cc1050dd,2026-01-02T15:43:19.240664,False,0,0.005824,0.0,0,0,
0xab73d686716339ed1f96829e59a5960fa34ecd7a,2026-01-02T15:43:19.472604,False,0,6403.588334,0.0,0,0,
0xd0860d3ec6a01554e7c53125daa363a07716e9fe,2026-01-02T15:43:19.489068,False,0,0.006602,0.0,0,0,
0x173e29197d99b44f893f2c8ea9f078a57b183de4,2026-01-02T15:43:19.497405,False,0,206.256413,0.0,0,0,
0xdcddc249b059c2f8c716639e0f47d470a2af237a,2026-01-02T15:43:19.516510,True,8,2986.514142,682.078973,0,0,
0x6977b3781d2666c9712d1d67ace2a3656b2ec8fa,2026-01-02T15:43:19.546708,False,0,0.0,0.0,0,0,
0x5559da6ec434c5723d0ce9c4da7f29e3f8a3d43b,2026-01-02T15:43:19.562940,True,2,2465419.170157,183072.334792,0,0,
0x8861466fa9821593d7f9195a108080e1cbd0e4b9,2026-01-02T15:43:19.571799,True,2,71432.576631,2360.415,0,0,
0x7e27c3cf3dae568e00a4f29fde3e2f8a58240346,2026-01-02T15:43:19.617951,False,0,0.009645,0.0,0,0,
0xc67ca6b51c428eda4c0f3753a6b8d2ee9ab4da0f,2026-01-02T15:43:19.730793,False,0,95.392188,0.0,0,0,
0xcabfb1780363d4ea8dc66f58c018b659f1ae65c3,2026-01-02T15:43:19.771106,False,0,0.0,0.0,0,0,
0x61bdc5862bad3cff46855cfeb58a626cb622aaaa,2026-01-02T15:43:19.860798,False,0,4.767594,0.0,0,0,
0x67187a72669043ba203921deea72c399ddde68b3,2026-01-02T15:43:19.887901,False,0,5299.273837,0.0,0,0,
0xe14c1d23d6a787bb8756e300732df9c3922c552d,2026-01-02T15:43:19.908214,False,0,24609.561297,0.0,0,0,
0xcc5b1fef95f632c4a25f95ad88bfe12f928d04cb,2026-01-02T15:43:19.933168,False,0,0.0,0.0,0,0,
0x15a5b00363ea57814a6a10800e949cde3dac6586,2026-01-02T15:43:19.876291,False,0,0.003161,0.0,0,0,
0x5a40a3963a4cccc1ac30cf5b0ecc1cc8108b4dd0,2026-01-02T15:43:19.949204,False,0,0.0,0.0,0,0,
0xadd12adbbd5db87674b38af99b6dd34dd2a45e0d,2026-01-02T15:43:19.960199,True,1,1198195.336945,194996.409506,0,0,
0xa39479c399821778f875aed1c2df9c18e55d1648,2026-01-02T15:43:20.027217,False,0,0.0,0.0,0,0,
0x3ba56079b37331227396faba411e9f80c3226ad2,2026-01-02T15:43:20.156857,False,0,0.0,0.0,0,0,
0x2f0d360d090e6cbdb0116b26a492399c226741cd,2026-01-02T15:43:20.120329,False,0,4755.866405,0.0,0,0,
0xd32bcef3508485737e783c119836fea013d51034,2026-01-02T15:43:20.297096,False,0,0.006857,0.0,0,0,
0xab75bad3cddabc8348cea1be6bdd728b4b2b0393,2026-01-02T15:43:20.316718,True,3,63827.812142,6535.97506,0,0,
0xbcfd830b7d12c8222441eca627cd56c249a19841,2026-01-02T15:43:20.317159,False,0,0.022658,0.0,0,0,
0x853c6d722c0bcf77a7aa9f08d96b06f13dd89949,2026-01-02T15:43:20.354752,True,1,513135.390826,282960.610947,0,0,
0x6bd958346cde7548bbcc35929709853fda090c94,2026-01-02T15:43:20.359348,False,0,0.003028,0.0,0,0,
0x1e6da01cf34373cf673434e51dc3124b70ba4663,2026-01-02T15:43:20.373973,True,2,24092.824678,1345.751791,0,0,
0xa0c65c7ff2423fb3e722bbedf3a5b4f4c6a56a23,2026-01-02T15:43:20.374210,False,0,0.0,0.0,0,0,
0xdcdd09da8860186b3aa7ccb17c88c2845e24d17c,2026-01-02T15:43:20.423852,True,1,54.136528,5.0206,0,0,
0x8dfb5e4bf666f696735c31082e3e76a308e4a5dd,2026-01-02T15:43:20.553193,False,0,0.0,0.0,0,0,
0x528202202caa4692051d8847e72caee8fe78c851,2026-01-02T15:43:20.570718,False,0,81.528339,0.0,0,0,
0xa23c4c9a9ceb4950c10890e076d2b4949cef16f4,2026-01-02T15:43:20.682531,False,0,1.144866,0.0,0,0,
0x02aaa417b43f9a23e772276c31c5bd7ed9a682bc,2026-01-02T15:43:20.714193,True,1,48696.10043,358.46775,0,0,
0x2f8fe5a45e061756c419b098a61dcde3d3ab9453,2026-01-02T15:43:20.714709,False,0,0.0,0.0,0,0,
0x86373db3b48dd37b5c1acca5c3cf17d7099ab0f2,2026-01-02T15:43:20.740276,False,0,100.969772,0.0,0,0,
0xe9d99ad2c042c92056a3e12864318a97d14e34e4,2026-01-02T15:43:20.745320,True,1,558.770776,231.9435,0,0,
0xdc110c4dadd86092eadb1be08ea84ca8a455ba17,2026-01-02T15:43:20.766752,False,0,0.0,0.0,0,0,
0x080f52695117675a90b00932c01e883ed2515ab5,2026-01-02T15:43:20.766601,False,0,19.03688,0.0,0,0,
0xdefa74f32d79d67ba1bae448c009333d9b73f31b,2026-01-02T15:43:20.841030,False,0,0.0,0.0,0,0,
0x2822ed68405ab5da895f7546c820707625164a9b,2026-01-02T15:43:20.951121,False,0,0.002158,0.0,0,0,
0x0e9798600129c4b00c1d8f1f1524fe016ef4b70f,2026-01-02T15:43:21.032143,False,0,0.0,0.0,0,0,
0xc965e4fc96e905be274d371a8e502b4dd1a6c698,2026-01-02T15:43:21.100205,True,1,347141.123336,177364.681134,0,0,
0x99271b5ccdd23931e313fb4de1ce064f8cc84199,2026-01-02T15:43:21.099866,False,0,0.003877,0.0,0,0,
0x9cb489ab8f9a6ebc05ab0af81420d8332231bc70,2026-01-02T15:43:21.111810,True,2,536.414926,386.5857,0,0,
0x36a935c1f86ee8908fd7dfc622a74c14d2cfa1da,2026-01-02T15:43:21.135422,False,0,0.0067,0.0,0,0,
0x88ac7261c50d2a4718419147c551047b72c00bb3,2026-01-02T15:43:21.133183,False,0,0.398792,0.0,0,0,
0x17ad11b7e65f1c6f1dcfbbfa9e4a49179c3947df,2026-01-02T15:43:21.163301,False,0,0.0,0.0,0,0,
0x777d76053fbeaa2cc97c2272a17bb7e753874a54,2026-01-02T15:43:21.295318,False,0,2.337958,0.0,0,0,
0x0e1d7946bb672fef553abf2dcd4a0f427a34b334,2026-01-02T15:43:21.199916,False,0,112.067429,0.0,0,0,
0x575a7a0c5e25ed9a4520f5aff61c36912b41576b,2026-01-02T15:43:21.374256,True,2,587.175376,169.567388,0,0,
0x29af14ff64970c6d278015fc51c4f8bf6d56aabd,2026-01-02T15:43:21.435674,False,0,0.0,0.0,0,0,
0x346931ac3ca241a4d359f7e526987f2a693d70af,2026-01-02T15:43:21.503058,False,0,0.007793,0.0,0,0,
0xff980abef016cb38b7280928e98e929bf0624c15,2026-01-02T15:43:21.503928,False,0,0.002273,0.0,0,0,
0x7de588ee221877a53185e3a3de5da1aa55ec0b89,2026-01-02T15:43:21.502939,False,0,0.0,0.0,0,0,
0xd4ba2b23f5c23c63981586a734e9cd7ee32e06ac,2026-01-02T15:43:21.527760,False,0,15.283995,0.0,0,0,
0xc837b80bb765986cb54a93aafb949c3da6962387,2026-01-02T15:43:21.598838,True,1,3314.516926,2454.4,0,0,
0x7136b8cbcd212144351c3491b7b1bd76f29c213d,2026-01-02T15:43:21.591991,False,0,58.044037,0.0,0,0,
0xc9406f80b50025b34b0d1ddd6a098cc1a12d58de,2026-01-02T15:43:21.687618,False,0,91.501866,0.0,0,0,
0xf00bb08f7d1d04a9415408c939c02410fc6791b1,2026-01-02T15:43:21.707596,False,0,1184651.196656,0.0,0,0,
0x88222ce80472e60d1fa44843b9e1da88ec73d685,2026-01-02T15:43:21.824654,False,0,0.008372,0.0,0,0,
0xabe635a453db40eb18c26b28c6ad624127745fad,2026-01-02T15:43:21.839386,True,7,7332.713496,257.243687,0,0,
0xb1850cf971cd168df83d5f9a273b20045a46bc25,2026-01-02T15:43:21.892015,False,0,0.004763,0.0,0,0,
0x4947e2aa7bf06206ea7512d0e3ac6167e5cdb9a2,2026-01-02T15:43:21.900955,True,1,4620.653699,589.338042,0,0,
0x38f17eb98210ebdf2712fff3c4705dcff511d468,2026-01-02T15:43:21.901422,False,0,0.0,0.0,0,0,
0x60d4220865e9c107727797bae0e6cd2c299f9c47,2026-01-02T15:43:21.955959,True,2,11366.260045,1322.101985,0,0,
0xf8f056ba3a235b6647f08a4b391ec7e5e0b55e4d,2026-01-02T15:43:21.981958,False,0,0.0,0.0,0,0,
0xcfd68f69b5ba0d2d1609aa30517e35449772cbe3,2026-01-02T15:43:21.995125,False,0,907.830433,0.0,0,0,
0xb8d2d6391502e20c7a0758846f328629e7f19eaa,2026-01-02T15:43:22.110138,False,0,0.0,0.0,0,0,
0xfa897365414b5c038bab069c89a02b2d55c0146b,2026-01-02T15:43:22.125146,False,0,241.55592,0.0,0,0,
0xbd84a5fc438f92ad7052c1aa722ade739f21ae11,2026-01-02T15:43:22.275317,False,0,0.008518,0.0,0,0,
0xad42e6d80cce1fddbdfb5c819ce5baa331e9d21d,2026-01-02T15:43:22.239928,False,0,0.007659,0.0,0,0,
0x48e4646709ea6e73d10fd5c5fbab4282db871076,2026-01-02T15:43:22.293265,False,0,581.534398,0.0,0,0,
0xb4f5754d9f004685eeb709f4bc7973393940a0b2,2026-01-02T15:43:22.247652,True,3,779.282724,164.279083,0,0,
0xb504de34a8e64b2cade4f67c27da0555054b9355,2026-01-02T15:43:22.291234,False,0,0.0,0.0,0,0,
0xe1c7707b25922525ac8bd20d9aac0f835c5e7f08,2026-01-02T15:43:22.347005,True,1,65.218513,26.72678,0,0,
0x5b1fa1c7762b78c17042241949c69c2ab6ee5cfe,2026-01-02T15:43:22.376758,False,0,0.004087,0.0,0,0,
0xb1f38b963535326a00a77b03f7b1c08b09655c71,2026-01-02T15:43:22.366484,False,0,61854.744887,0.0,0,0,
0x122fe5d43f1f917353576987d645418d139cb48b,2026-01-02T15:43:22.502872,True,1,1209.609554,202.342101,0,0,
0x23a9f0b21de3bc4d415f9ebfcc703589a82050b2,2026-01-02T15:43:22.680988,False,0,5337.035902,0.0,0,0,
0x665acdbd41f43f19619dd9814c86343cab3e7860,2026-01-02T15:43:22.700984,False,0,0.004448,0.0,0,0,
0x34934d91c3de9943528e2b7582e89a982a210ddb,2026-01-02T15:43:22.740873,False,0,262.67835,0.0,0,0,
0x557b5d4495ddb0b9ce6329b29b4da05a7df4bfb0,2026-01-02T15:43:22.701434,True,5,3116.854012,716.342598,0,0,
0x2c4c485d07a39c3e8ed46d82f342d0f824177204,2026-01-02T15:43:22.770019,False,0,0.001214,0.0,0,0,
0x6c50a9ea578190f188acd4b9210decfe730ed7c4,2026-01-02T15:43:22.512694,True,2,1066.360969,109.4838,0,0,
0xfbe6b050a4d5f3a3919028c24bcc22547c6ecc58,2026-01-02T15:43:22.683482,False,0,0.008626,0.0,0,0,
0x288c05dbe04df0a6c5af70f0093a833dd7a49a5e,2026-01-02T15:43:22.741863,False,0,1197.102439,0.0,0,0,
0xb0a3e2483178f11df675d0e707ff677886db3dc9,2026-01-02T15:43:22.782599,False,0,4178.56892,0.0,0,0,
0xf7d170c6c72cf3a1e3a958565c7d7041ca578a9d,2026-01-02T15:43:23.039470,True,3,125080.010337,113034.284485,0,0,
0x5baa34e8fdb2dcead4224f130cd697cd24176f1e,2026-01-02T15:43:23.072673,False,0,0.001576,0.0,0,0,
0x475b9d73167625c0ea401d4019b344cb2e398c0d,2026-01-02T15:43:23.121992,False,0,159.187617,0.0,0,0,
0xa4590bbd3afa12fc83db90073367c9862f08292e,2026-01-02T15:43:23.132023,False,0,0.0,0.0,0,0,
0x2809d5d8f8771c9278ddf0a2d452501ace7d790a,2026-01-02T15:43:23.138556,False,0,4607.296023,0.0,0,0,
0x499b90a8ce743fe65243abd89cce50e63b9938f3,2026-01-02T15:43:23.155946,False,0,0.007905,0.0,0,0,
0xc347be66acc6e72eb9a689b11b0ad29060130743,2026-01-02T15:43:23.187359,False,0,0.0,0.0,0,0,
0x79d0faae755e53ac31300bd5f4f2a70ec50efa50,2026-01-02T15:43:23.208661,True,10,29242.74359,221.849524,0,0,
0x7ad9ecd7940b6a49119b6ce4b14bec6c4dbd36fd,2026-01-02T15:43:23.217609,False,0,2669.873346,0.0,0,0,
0x7e2642849ec03b1d23150266c36e6417196ef32d,2026-01-02T15:43:23.289655,True,1,9279.873405,560.3125,0,0,
0x17d746bb34bdbec4f4b0f3883bb4d2bf54048134,2026-01-02T15:43:23.430775,True,9,77158.153116,26355.309034,0,0,
0x2d7ea74b7df59fe7514e4ab277c16cc9a680d7b9,2026-01-02T15:43:23.518322,False,0,205.145848,0.0,0,0,
0xa162947468ed989a415eea7fb80ecc8d51da4c1f,2026-01-02T15:43:23.537966,False,0,23.951542,0.0,0,0,
0xacae31c9b5c3ba7003f8166b916ad65f5c5a0fb6,2026-01-02T15:43:23.539249,True,8,3261.312618,373.682275,0,0,
0x5d7ded38eee84eab2e2ce3ad95df3bee496886a1,2026-01-02T15:43:23.551662,False,0,0.005747,0.0,0,0,
0x11f5f3aae6d07bf1e050adb437667e949b5ef603,2026-01-02T15:43:23.568440,False,0,15203.736516,0.0,0,0,
0x8088077af942c903a3ea39ec35a43f81f6faa46c,2026-01-02T15:43:23.621901,False,0,0.0,0.0,0,0,
0x26661e9959e245e48dd61b0a883647929e89c62e,2026-01-02T15:43:23.692068,True,1,38.214806,7.010091,0,0,
0xb1e860f5eb114bb4ed41aad1bfe7e268a41c718c,2026-01-02T15:43:23.493077,False,0,3015.026732,0.0,0,0,
0x6579469866e3cbff2575f787a9212c2805aa845e,2026-01-02T15:43:23.599390,True,1,81.538656,23.309,0,0,
0x9eebf6d80113878444f873a812805ebbb86b36a0,2026-01-02T15:43:23.844048,False,0,0.0,0.0,0,0,
0x154dfdc4e8b6b6145f9ed6ce78c1dc14b7b07e20,2026-01-02T15:43:23.907606,False,0,883.261787,0.0,0,0,
0x8a5f16be66c239b063e1d12d430cf1b3da2ab9f5,2026-01-02T15:43:23.936915,False,0,0.0,0.0,0,0,
0x267a8c44b6df09e632fe4c2f1f0f59788791c0f9,2026-01-02T15:43:23.931124,True,1,1251649.411578,134496.0,0,0,
0x43c18eadf0ad69d3fc9cd5507a18fd35919c15b0,2026-01-02T15:43:23.932113,False,0,0.006172,0.0,0,0,
0xf9951084ab6b649112b93cfc31141ac35b8a8b11,2026-01-02T15:43:23.974568,False,0,43739.309405,0.0,0,0,
0x86d2161a18a6eb5be550d5253496e5a161cdf731,2026-01-02T15:43:24.018020,True,3,22581.897271,2878.393302,0,0,
0x5aa13316231716ea438eb243feabc296a9094b2b,2026-01-02T15:43:24.088421,True,1,280167.52791,16351.243993,0,0,
0x22f9b3d8c461cbc68a9fe9296df07500009188bd,2026-01-02T15:43:24.075604,False,0,237.865581,0.0,0,0,
0xaa60b395517172d254774a9691034e69b61a1f2d,2026-01-02T15:43:24.100836,True,17,206789.724573,5304.491473,0,0,
0x9798b88fcda145f7ce59e1e3057ddfa6c4bda1d4,2026-01-02T15:43:24.254555,False,0,0.006927,0.0,0,0,
0x6575b595806cff7a6f7f350a66e1d6168826c4c1,2026-01-02T15:43:24.313011,False,0,0.0,0.0,0,0,
0xc523128600765be7035f05c025ac8e117a42dd89,2026-01-02T15:43:24.321304,False,0,0.0,0.0,0,0,
0x34375f46e69b7bf9ecbf2cc03b6cc772ad66716b,2026-01-02T15:43:24.369693,False,0,0.00231,0.0,0,0,
0x374888ac192f603fdeb625463a51517b0f79f85c,2026-01-02T15:43:24.348204,False,0,0.000161,0.0,0,0,
0x45a05f1f6c069610e0d49f75ee5f592bb60de959,2026-01-02T15:43:24.407430,False,0,1134.901718,0.0,0,0,
0x286827b8936ce7adb595f566252d08df17127167,2026-01-02T15:43:24.348338,False,0,1707.382012,0.0,0,0,
0x7d86ef4662d0933d229c85a10ebb91afad138f47,2026-01-02T15:43:24.475810,True,1,601.280201,3.613166,0,0,
0xb9791072e114be27e60b585392a851c1bb37bd3b,2026-01-02T15:43:24.475191,False,0,831.136855,0.0,0,0,
0xc9d94dce697be72df2875bd6cac4bda2a5dc1fef,2026-01-02T15:43:24.488444,False,0,0.005009,0.0,0,0,
0x50007d580f2921e6dc9fdfb41d5786e5f3db8fa8,2026-01-02T15:43:24.655379,False,0,0.0,0.0,0,0,
0xd5d648f5e156cc079399e739bbc023db98c66b35,2026-01-02T15:43:24.699501,True,1,210.514145,192.174015,0,0,
0xa78709d5b447621d4a0d9737fba71df34a7c57e6,2026-01-02T15:43:24.735801,False,0,0.008249,0.0,0,0,
0x5480b9388434871b8c61a2050e4c0e88876dcb56,2026-01-02T15:43:24.777358,True,11,1847.102335,2983.338175,0,0,
0x5b3e5505d2a3941077cf2484eecda2b2e248e373,2026-01-02T15:43:24.783930,False,0,2031.381819,0.0,0,0,
0x90c90a5d85185bbf40e23601dd7208db8f5cf527,2026-01-02T15:43:24.799159,True,33,290.169076,297.35262,0,0,
0xbd37487f53fe6574bf85ed77474870d9624bf517,2026-01-02T15:43:24.812813,False,0,0.0,0.0,0,0,
0x45988e45be7a93395934c684fc6ba780469938b3,2026-01-02T15:43:24.862770,False,0,22.362176,0.0,0,0,
0xf53cab0c6f25f48f985d1e2c40e03fc7c1963364,2026-01-02T15:43:24.862644,True,20,853091.629185,171488.085648,0,0,
0xd8cac99a6b186c9e5106f363dd7bb2c135ca944f,2026-01-02T15:43:24.889454,False,0,3.752481,0.0,0,0,
0x4119c2214c0647152b29e4d4a32995ab385e08c0,2026-01-02T15:43:25.055196,False,0,0.0,0.0,0,0,
0x346722792695d7ebf7a3d895afa33eb772ec855d,2026-01-02T15:43:25.097014,True,1,138.930098,43.941222,0,0,
0xdb713c0b4ddd6e7a466236c0cbfebc5e79e8c3e9,2026-01-02T15:43:25.121185,False,0,0.0,0.0,0,0,
0x1f8a830fa5769c7e835308fa01ed8b82559991ef,2026-01-02T15:43:25.182308,False,0,742.366407,0.0,0,0,
0x1cc972ff969689873f8010bdd0cf3dc30618397e,2026-01-02T15:43:25.175190,False,0,0.0,0.0,0,0,
0xb2c13b64e7a47938aebba46f24af0c1c12730d9d,2026-01-02T15:43:25.221115,False,0,494.585921,0.0,0,0,
0x275065b9ed93a5836dc771b25f4fd85b634fc1fb,2026-01-02T15:43:25.225323,False,0,0.002684,0.0,0,0,
0x4f9e3bd1a1fcc5f93500a173a82b5fcbac1756fb,2026-01-02T15:43:25.258622,True,1,27815.054087,2291.394,0,0,
0x7a80175a1d80bd5e9b938b25bf563ddd8c7d4245,2026-01-02T15:43:25.257617,False,0,0.0,0.0,0,0,
0xc13bc957065d6c9a079d7d36d2b10452d13b5c31,2026-01-02T15:43:25.278243,False,0,381.47547,0.0,0,0,
0x67f7945e4e37ab9a71db3e5c4f693ddbc6dc8920,2026-01-02T15:43:25.467884,True,1,141.326148,141.212204,0,0,
0x6e7f0c851772d7fdeb95d67dea8f245d8a7717a1,2026-01-02T15:43:25.524394,True,1,2594.622835,965.360088,0,0,
0x907e889e00daa6b49608af2146d5b842cc3845c0,2026-01-02T15:43:25.552027,False,0,599.381084,0.0,0,0,
0x0a522be633b063aee34253aae2fcb94e9c4d1903,2026-01-02T15:43:25.579122,True,5,4700.340958,268.87115,0,0,
0xb69d279538216463640889cc25685b27b8b16a9f,2026-01-02T15:43:25.580958,False,0,1304.708771,0.0,0,0,
0x5c229b8d46a1e0702d7d2f7c3cefa10b1199fd80,2026-01-02T15:43:25.627452,False,0,0.006698,0.0,0,0,
0x1283a94c464e1c97575f43899da86d963eaa3051,2026-01-02T15:43:25.651518,False,0,190.349665,0.0,0,0,
0x468ccf43f6a8e2b7a91696231a71e9a8777ae410,2026-01-02T15:43:25.683706,True,1,10388.519314,4212.773376,0,0,
0x6eeaaceb374ef9b89560ba9be287f8a98020e219,2026-01-02T15:43:25.681733,False,0,3614.969907,0.0,0,0,
0xeea048359dcc800128c5c01520e38a94b8c22e43,2026-01-02T15:43:25.613976,True,2,3606.398514,1.947988,0,0,
0x2218cd12c0402e3fd3693148de476b299f658675,2026-01-02T15:43:25.924441,False,0,15506.430205,0.0,0,0,
0x25f69051858d6a8f9a6e54dafb073e8ef3a94c1e,2026-01-02T15:43:26.019467,False,0,0.0,0.0,0,0,
0x942400ad22a74d42f823899bb42493c536c3f856,2026-01-02T15:43:26.034366,True,1,3711.079989,246.576,0,0,
0x965244b2aeb19b9f6f690a9320e6ea4929c11d5f,2026-01-02T15:43:26.074648,False,0,4.834754,0.0,0,0,
0x50be8d1bf3bf24d8561130274a5ab57e55590cd0,2026-01-02T15:43:26.037341,False,0,0.004428,0.0,0,0,
0xc1d68ce6ecbbc573a099c2098b2dd6d61ae698f0,2026-01-02T15:43:26.074276,True,1,47.700998,5.755112,0,0,
0xa479b012edfa4ee898a55e873f8c4aa2f9b5c79c,2026-01-02T15:43:26.084139,False,0,45635.392317,0.0,0,0,
0x6d45a9a902970e153534c8e9ea6a4e2c234cafab,2026-01-02T15:43:26.077757,True,1,845.222223,1029.30564,0,0,
0x2a69c6188970a266680f2d004d0dcd66ef38b473,2026-01-02T15:43:26.087244,False,0,313.740414,0.0,0,0,
0x016848f8a002d01546579379e5132a5e74a6436d,2026-01-02T15:43:26.066765,False,0,0.0,0.0,0,0,
0x36dff97fd1a9c9c99019c7eb85da3756da6890db,2026-01-02T15:43:26.327162,False,0,1969.043595,0.0,0,0,
0xd0e76a641ef8ef53f3b6b6b338ab84c3045dc68c,2026-01-02T15:43:26.442100,True,1,9.561729,6.168689,0,0,
0x055b9a9cb7466591131c7bf9c89f12f5073437aa,2026-01-02T15:43:26.465708,True,4,182060.919673,150063.29187,0,0,
0xa1ae17e331e0e52fa5a843fd11b9293dfa6613aa,2026-01-02T15:43:26.465874,True,1,152.791121,111.2436,0,0,
0xb7bce5424fd593ceb49acf459e22c95210507b90,2026-01-02T15:43:26.479743,False,0,0.00686,0.0,0,0,
0xabfcbd33c33040639f0cf08d77925767df87fbc3,2026-01-02T15:43:26.463155,False,0,0.0,0.0,0,0,
0x2ba6d6fd69420ee85bf21f2ac7ab0c6037bef633,2026-01-02T15:43:26.479583,True,2,2986.466242,896.581549,0,0,
0xe75a62c1210300e6a7a79444862db0a8fee02244,2026-01-02T15:43:26.508612,False,0,55.022717,0.0,0,0,
0xcb646325df33ef89534b4dfd3b24653b7ba8ed7d,2026-01-02T15:43:26.504474,True,1,604.823826,104.467516,0,0,
0x908cba901f8c8bcb9e881849c820a310045eec9f,2026-01-02T15:43:26.535156,False,0,0.0,0.0,0,0,
0x100fe71c6903685b35bf3183c0abf536600f9f60,2026-01-02T15:43:26.734233,False,0,410.51,0.0,0,0,
0x14a70d47f92442c9a7eb7ff61439a5700b89a64a,2026-01-02T15:43:26.873818,False,0,84.485237,0.0,0,0,
0x08a0d6ff6fd9cdd29ba4855639c1d8b1355ed58d,2026-01-02T15:43:26.858880,False,0,6619.708532,0.0,0,0,
0x86aff1c785d132172f36c73c55f84532cc5463de,2026-01-02T15:43:26.880720,False,0,0.0,0.0,0,0,
0xb54519100a0879a30516342c46bea610832a94f3,2026-01-02T15:43:26.891333,False,0,0.0,0.0,0,0,
0x51217e379721ce55a825e73080414ca9b3bbd784,2026-01-02T15:43:26.912492,False,0,0.0,0.0,0,0,
0x30834defc327235d8d7346cf1f832d03b9eb02b0,2026-01-02T15:43:26.939524,True,1,3040.494185,177.9933,0,0,
0xc209c271f9bf58cbbca3f3d876e90f201f48e5d4,2026-01-02T15:43:26.944051,False,0,1776.545809,0.0,0,0,
0xfe9dd2f49e654b501034af18453f3c4625ac13ba,2026-01-02T15:43:26.880886,False,0,0.0,0.0,0,0,
0x9eb7af3512f76c9b928f7600ea08c6203919d9b2,2026-01-02T15:43:26.976254,False,0,7012.407978,0.0,0,0,
0x57fc5d089f5aecf327b40472bcf52f52cf31928a,2026-01-02T15:43:27.197495,True,3,167166.41653,5259.943675,0,0,
0x110493a8ce5d08b64bf0551e03613dfaba852096,2026-01-02T15:43:27.376471,False,0,4931.155723,0.0,0,0,
0x4dc77bc8a2940c2a8e85dd6a85b680cdca1142d5,2026-01-02T15:43:27.320315,False,0,0.0,0.0,0,0,
0xe8e03821e3ef26221a9f95998283dc36ea08ad13,2026-01-02T15:43:27.311599,False,0,0.005485,0.0,0,0,
0xc20b786778643c5ae7b86fafff1e217ff2f09b36,2026-01-02T15:43:27.320533,False,0,0.008972,0.0,0,0,
0x63198a1688fd2302c5e576ade7b2570bb44bb537,2026-01-02T15:43:27.358048,False,0,2018.296441,0.0,0,0,
0xedb92857d0cabe5441392643198582a320dede52,2026-01-02T15:43:27.357933,False,0,0.001109,0.0,0,0,
0xa9f320b17eae72e738a445687c27d99d52da1f43,2026-01-02T15:43:27.311338,False,0,2272.201721,0.0,0,0,
0x9fb79ee0ac752f745b79a77ef9cf90354f8559ad,2026-01-02T15:43:27.410255,False,0,0.0,0.0,0,0,
0x2ba592525d2d6acbb47f6cbe19dc1416255e1a82,2026-01-02T15:43:27.293101,False,0,0.0,0.0,0,0,
0x5910aad8ef5a195579d8a83e725b48925fb9c493,2026-01-02T15:43:27.660783,False,0,413158.498228,0.0,0,0,
0x5065be058d358e8089d2279cb991c1ca859ad2ac,2026-01-02T15:43:27.971939,False,0,0.006821,0.0,0,0,
0xdbe7c78514cb89d068c78ed40d482887888f63ed,2026-01-02T15:43:27.927802,False,0,130296.649148,0.0,0,0,
0x87f321a8f31bc63f6c36eace76ef6e258d028b16,2026-01-02T15:43:27.970458,False,0,1040.159533,0.0,0,0,
0x58f0ffc605dcfa5263b285fdcb5269d76fcde5b9,2026-01-02T15:43:28.036262,False,0,1552.711386,0.0,0,0,
0x353b44864406a7c467809b28300dd1894a4055f8,2026-01-02T15:43:28.192514,False,0,0.0,0.0,0,0,
0x6f65ba0398a030f842c2e0de25ea57a9ca87ba8c,2026-01-02T15:43:28.146531,False,0,2166.773612,0.0,0,0,
0x008c6f4ceeeff5124fd256db93b332b0928eefb2,2026-01-02T15:43:28.135800,False,0,2.409384,0.0,0,0,
0x10a7ac85ef2d678a4420c4dc59d8cd7dab8767db,2026-01-02T15:43:28.042718,True,1,10233.733594,4573.400816,0,0,
0x5b314be527d36fc879110cbc28057928d9fa01a5,2026-01-02T15:43:28.188434,True,3,307.876127,257.239247,0,0,
0xb9cdeeb253a659bec27122c7a6e4789b7cc418d7,2026-01-02T15:43:28.135993,True,3,9478.408279,4104.680805,0,0,
0xed0eb4f29fe044a17b791d13a3ed596fa008df3e,2026-01-02T15:43:28.409264,True,2,6140.315994,2621.80755,0,0,
0x44ace53abbdad763e91158d30a2ee42b27355f22,2026-01-02T15:43:28.436826,True,5,11903.871783,10233.309,0,0,
0xc874875bd108aae0ea91888becd03dc0537231c2,2026-01-02T15:43:28.414580,False,0,4.009487,0.0,0,0,
0xb7731af2de531caa22df66e66c602f13d60bceb8,2026-01-02T15:43:28.582063,False,0,0.0,0.0,0,0,
0x4dcfb023b81da972e654d20d769b67f0e9d4bd31,2026-01-02T15:43:28.548802,False,0,2641.073438,0.0,0,0,
0x79a683eedbb17bc8bb0e9ba2e14bf77d28150186,2026-01-02T15:43:28.623215,False,0,0.0,0.0,0,0,
0x1d7177e6dc59bea0b80dc867d51868d617885878,2026-01-02T15:43:28.638122,True,3,61749.605869,23795.590445,0,0,
0x00f91504046cb47d24b7ac9ee6ae8f407bdca65f,2026-01-02T15:43:28.666453,True,4,4563.613915,4543.6081,0,0,
0x8e1bd5a78ea3d1dae101ae1695fbc1376b40e430,2026-01-02T15:43:28.602176,False,0,260.5741,0.0,0,0,
0x51ebf5723c2cf262f3d1b40b1d90eb416f9b4867,2026-01-02T15:43:28.794304,True,4,25007.130883,14006.601381,0,0,
0xe2fe98b6e494105058bcb1f67bb19eea410b0968,2026-01-02T15:43:28.860796,True,1,3645.582495,346.77244,0,0,
0x42fd5648cf21c158d15e4f58785760755b3f6623,2026-01-02T15:43:28.979444,False,0,2031057.041958,0.0,0,0,
0xde1e314075dd7be5913a1a6c6975a80ecd76c74d,2026-01-02T15:43:28.993639,False,0,1038.967297,0.0,0,0,
0x54d49a82e7bee1fd759f4c58ba5e026277575019,2026-01-02T15:43:29.040936,False,0,122.688642,0.0,0,0,
0xdfdea862f75659d8d5ce9d598a2be194013d2bff,2026-01-02T15:43:29.091584,True,1,13156.86959,1309.1674,0,0,
0x24f5ef11e49ac8068f570b14749feac7c0f0122e,2026-01-02T15:43:29.134093,False,0,108.410339,0.0,0,0,
0xb246da0110e37623c5a13fa19d25887b3254eeef,2026-01-02T15:43:29.057614,True,2,14300.059349,1322.47997,0,0,
0xe117d3d94b30f7e7aa4f29704d0d2f43c009b9a8,2026-01-02T15:43:29.205476,True,1,236258.478552,66282.387302,0,0,
0x39a94149e514ea5c3d0643242eb20092a6cbc418,2026-01-02T15:43:29.239419,True,2,3639.429635,218.935898,0,0,
0x9324135c70157cacfca3a937a7ff24c5472f45e7,2026-01-02T15:43:29.217964,False,0,5.755325,0.0,0,0,
0x22520d8bd8ee372d333ad2529f2c0675ec7df3ed,2026-01-02T15:43:29.321444,False,0,0.005337,0.0,0,0,
0x6defce945a0d8f1a9fe045c83516c13cf1bcfd1a,2026-01-02T15:43:29.399213,False,0,0.0,0.0,0,0,
0x810c2befba4513c79195c9de04ec38c872eba6b1,2026-01-02T15:43:29.433416,False,0,11.75333,0.0,0,0,
0x294c189cb5f98ee91bd65cb9d74d6c164bfaeb9b,2026-01-02T15:43:29.489161,True,1,2933.805901,2917.432401,0,0,
0x8e0b209afe24e941a552af589c0de0872db54f88,2026-01-02T15:43:29.503909,False,0,0.0,0.0,0,0,
0xae3aba783eb04d67bf9d12838c0e58ae88e5a62e,2026-01-02T15:43:29.520635,False,0,93.572974,0.0,0,0,
0x1b986bbffa3f0fcedf87e0c722e879c4f47b2e6e,2026-01-02T15:43:29.538911,True,2,16772.096996,5049.225258,0,0,
0x897cf58e552ad951821118f56c7eb85a5019b72c,2026-01-02T15:43:29.609823,False,0,0.0,0.0,0,0,
0xd74ddfea5421568702ce5cb2f35f8417f22a3408,2026-01-02T15:43:29.655098,False,0,134.848706,0.0,0,0,
0x1daa467f99e2c8a18aef2bb9574cb8a32789d557,2026-01-02T15:43:29.654911,False,0,1.392798,0.0,0,0,
0x50b32eac260190fc754ae22282fd78fddfceaff8,2026-01-02T15:43:29.710387,False,0,17590.155364,0.0,0,0,
0xbde7f6877007484cc759859b624e7ca78c94c5dc,2026-01-02T15:43:29.815807,False,0,47.652479,0.0,0,0,
0x4c6cdb2345d3ac74b4ea47d586ea1da2fb2fe1dc,2026-01-02T15:43:29.874602,False,0,0.0,0.0,0,0,
0xb291d04aca53a8da979e60138f8224b9a139975d,2026-01-02T15:43:29.870006,True,2,189.986876,39.008995,0,0,
0x9bd6cc3414d3896464181b6842b04befe88bda15,2026-01-02T15:43:29.928337,True,1,7193.986135,301.53435,0,0,
0xa02f1c4df430999f45f7201d8f5b88b2b5fbabc8,2026-01-02T15:43:29.891957,False,0,6129.289281,0.0,0,0,
0xf343f1577ac982e47d5d3cabe579689134b0efed,2026-01-02T15:43:29.911377,False,0,0.008611,0.0,0,0,
0x8a944f695ec7ef4812b66bf57acfcf7e7f5ece2b,2026-01-02T15:43:30.006223,False,0,0.0,0.0,0,0,
0x592d88a2071674dce09fe4b7d073bc221e546a6a,2026-01-02T15:43:30.053098,False,0,0.0,0.0,0,0,
0x43e1eeb3670134162d72c7333acf6a30ad61fd47,2026-01-02T15:43:30.075274,True,1,195.869189,195.730324,0,0,
0x9ed1a07bff29bdcf3b336c3796c2b383b15fca88,2026-01-02T15:43:30.103863,True,1,411.119947,16.321942,0,0,
0xa3c58ffc09041d26d7fe05f92a3b30c0e15dd06d,2026-01-02T15:43:30.259251,False,0,0.0,0.0,0,0,
0x3edc0a6d1d1e9e7ffb83a4415963a25c4ee25821,2026-01-02T15:43:30.262887,False,0,334.668373,0.0,0,0,
0xb157f243bdac82888231865c83332299f8931a67,2026-01-02T15:43:30.312201,False,0,0.0,0.0,0,0,
0x4ee687ac7a1a109d27b8a09dbf83ad721c44d5e3,2026-01-02T15:43:30.325282,False,0,167.855804,0.0,0,0,
0xdb990d29425d5857b0d90e8ba4ab6180b3c8cb6c,2026-01-02T15:43:30.331658,False,0,0.0,0.0,0,0,
0xcc660e4a6b1b1766911bf5e75e10b6aa66683b48,2026-01-02T15:43:30.366063,False,0,46523.184408,0.0,0,0,
0x19fed44332128ff3eba98010f450ca0c598341f0,2026-01-02T15:43:30.397366,False,0,0.0,0.0,0,0,
0x7e8faec788672920f52219bd815dd8463d5273c9,2026-01-02T15:43:30.437113,False,0,2.431964,0.0,0,0,
0x1e871e64647a1b767303daa3affc7774e0f14e70,2026-01-02T15:43:30.470439,True,2,188.475062,73.622266,0,0,
0xa7248e71ff1abf2f0b1b94ad9f16306fde103a36,2026-01-02T15:43:30.497158,False,0,7874.627926,0.0,0,0,
0xf4fe3e8a9579ab3c446c6f67a881a70f89445091,2026-01-02T15:43:30.703628,False,0,0.0,0.0,0,0,
0x609cf87d2a43e0a1ca9f96fc6109a9aa89604376,2026-01-02T15:43:30.679280,False,0,0.0,0.0,0,0,
0xedd707437fa59c6e962c6ea5a609aeabd2a341b7,2026-01-02T15:43:30.680667,False,0,0.0,0.0,0,0,
0x87f67f4f4cca33ce91927d3b21e9597b85f8c925,2026-01-02T15:43:30.711798,False,0,105.57407,0.0,0,0,
0xa2eae658a8fd9685e26e0aadd8d8f39a32af7fe0,2026-01-02T15:43:30.766433,False,0,60046.068502,0.0,0,0,
0xb5fd02ede9599b3f9864ad5b49a317b862380a11,2026-01-02T15:43:30.715111,False,0,445.035405,0.0,0,0,
0x5a48921f0aa86ee4dd9f4c8cb53304d0f70822c0,2026-01-02T15:43:30.830645,False,0,0.0024,0.0,0,0,
0xa61ca98f3780b37104887d2ae25e0d7cb74582b3,2026-01-02T15:43:30.792500,False,0,0.004539,0.0,0,0,
0xad64f33fe511c30fb2219ad4af0f1144e186a745,2026-01-02T15:43:30.852586,False,0,111484.907168,0.0,0,0,
0x3131e29587fe93f5107e3d89fe8cf89ae2c3438d,2026-01-02T15:43:30.884808,True,1,27.415129,27.415129,0,0,
0xd1c1786908c0ad3be9436c68fd4902a2abfec9a5,2026-01-02T15:43:31.094817,False,0,1.000945,0.0,0,0,
0x45b357efdcceb7f46d41539326e9e87fd29d869c,2026-01-02T15:43:31.107567,False,0,0.0,0.0,0,0,
0xe45e7dbd2482aac735c772025db8a8343b50e3ed,2026-01-02T15:43:31.129989,False,0,4.700372,0.0,0,0,
0x1b45d4e0fa0b60ca4556b66a6a8dd79d7e2405e8,2026-01-02T15:43:31.137593,False,0,1811.873836,0.0,0,0,
0x98ff4586bebb8b9cbb567e98ef41df5904e5eeba,2026-01-02T15:43:31.156667,False,0,13916.598025,0.0,0,0,
0x5aca7414785cbc3e136a0ba57983219685ec0a03,2026-01-02T15:43:31.163370,False,0,0.008064,0.0,0,0,
0xba61e44634dfa1fd81c1d55d003e65118a202760,2026-01-02T15:43:31.224795,False,0,883.879099,0.0,0,0,
0x745eeefc2363c1fe035de5460fb3e5b4ad4e341a,2026-01-02T15:43:31.225174,False,0,521.582237,0.0,0,0,
0xdc27a04ea887d892681693fb5115273244891fc9,2026-01-02T15:43:31.243090,False,0,0.0,0.0,0,0,
0x53ba2e26c97f06ac4357739620c679144d6f01e0,2026-01-02T15:43:31.297896,False,0,0.00837,0.0,0,0,
0xf4bfb4a49a7ec689df9f213f533dd3e1ee828201,2026-01-02T15:43:31.499422,True,5,31133.519054,10599.124589,0,0,
0x9bbf7308dfd3f28c09ee9db550d25f46ed731989,2026-01-02T15:43:31.519489,True,3,6443.915895,6423.906643,0,0,
0x3d1c7e6b4c3f927cee6be397b940c0e6160a9e62,2026-01-02T15:43:31.522900,False,0,2216.180178,0.0,0,0,
0xf40e7aec17a67586b0ed0f73a18db5323c01f5d6,2026-01-02T15:43:31.487041,False,0,19.783109,0.0,0,0,
0xa842c1c3855b318217b737cef4c09799dea7028b,2026-01-02T15:43:31.566390,False,0,0.0,0.0,0,0,
0x309ee31b6986b4a04abbfca79a80ada94508e1dd,2026-01-02T15:43:31.557654,True,19,39613.787278,18500.45842,0,0,
0xc542f44ac010d9fde5544de51821d88c514a2d74,2026-01-02T15:43:31.608626,False,0,0.0,0.0,0,0,
0xff33a29d677ddbdc14b9d68e6fdcca3115f1ee37,2026-01-02T15:43:31.624241,False,0,0.0,0.0,0,0,
0xa5cacb573efbc201807698e87803fbfeddc4361a,2026-01-02T15:43:31.615888,True,30,1472.088754,626.871989,0,0,
0x0e4cb2aed1c89ae3afd53baf5e06d92baaac75fa,2026-01-02T15:43:31.684365,False,0,0.0,0.0,0,0,
0xf4bda7fdcbab18d8f57e4f9e863d655167ebb322,2026-01-02T15:43:31.891381,False,0,0.0,0.0,0,0,
0x3f38e2efe1e9468518cc2245f9032f2f79f0b8fa,2026-01-02T15:43:31.910872,False,0,0.004891,0.0,0,0,
0xbb220d9665c9d310681ee6432346bdae2017abff,2026-01-02T15:43:31.920880,False,0,3.622226,0.0,0,0,
0x01eeda1b1d5d84dc759bc846bd3f81e1a60a746e,2026-01-02T15:43:31.918906,False,0,0.0,0.0,0,0,
0xebe6a3ed28a00b0e51f38a6914b1dafb240fa9db,2026-01-02T15:43:31.958291,True,1,58674.914856,0.116617,0,0,
0x4b557420fecfff270a3150afa0962eb16e5e25dd,2026-01-02T15:43:31.955469,False,0,19.445853,0.0,0,0,
0xc882226bf160debbd65cbf77522786198707853d,2026-01-02T15:43:31.998722,True,1,1026.758823,1026.631469,0,0,
0x50f26fa318ca9294993cd1843f8f5cd677fe0b1b,2026-01-02T15:43:32.008578,False,0,191.128814,0.0,0,0,
0x632c9d55ebcca152488018b3cf80472216d1f4cc,2026-01-02T15:43:32.009040,True,1,4198.759231,0.429525,0,0,
0x49dab3b6fd70cbdece09a09f364d22393ca7b258,2026-01-02T15:43:32.073334,True,1,47859.656424,37094.4,0,0,
0xc5d019e457d9a45fd10a5e8a3edeea2bdc2014cd,2026-01-02T15:43:32.287555,True,2,18445.236008,5893.73125,0,0,
0xd8bb22628688f4b7b1c3f072f06ceb9b8f28c077,2026-01-02T15:43:32.300707,False,0,189.493283,0.0,0,0,
0xd664bd2ee31df62a25a6c382763fa2a6cacfc01f,2026-01-02T15:43:32.310371,False,0,0.472672,0.0,0,0,
0x8a1b0a9cf6a6394c6204f30eadb3a03fa7770151,2026-01-02T15:43:32.341911,False,0,4.210063,0.0,0,0,
0x56f4fc7495f3fa8fbc97c5627c48af145acc26bf,2026-01-02T15:43:32.297965,False,0,0.0,0.0,0,0,
0x8c115be1a8906934973963d8a7e1c6e6a1693a4d,2026-01-02T15:43:32.396368,False,0,0.002813,0.0,0,0,
0xbca65cfa108f930cb58ab88d937c4f2ea99c81a8,2026-01-02T15:43:32.386836,True,1,150.248743,17.546282,0,0,
0x0fa2697ea201f570896beb2643b0250fc24aa8d4,2026-01-02T15:43:32.469147,False,0,297.348946,0.0,0,0,
0x8d64cdf65b93988a08c6eae71418333369c8be0c,2026-01-02T15:43:32.408612,False,0,0.008721,0.0,0,0,
0x7f9555d468ddfce6dbb465b206ed10669a201224,2026-01-02T15:43:32.354167,False,0,245.19872,0.0,0,0,
0x9b7130ba44a3cda287ba0fb662f5175c2426327f,2026-01-02T15:43:32.694152,True,7,2294.368474,1995.166666,0,0,
0xeeb6faae3094b31859f6b7b34a183ae212e43cfb,2026-01-02T15:43:32.699201,False,0,13728.316952,0.0,0,0,
0x36b3cc2eb27ef73aba172b0a1b094459884d574f,2026-01-02T15:43:32.725345,False,0,0.009815,0.0,0,0,
0x13d16778787d549cbeed1592cdb934676b60ad85,2026-01-02T15:43:32.731504,False,0,2972.375872,0.0,0,0,
0x174f6bcf9efe11ebc13800ca8895a8772cdaef10,2026-01-02T15:43:32.729543,False,0,0.008332,0.0,0,0,
0xf95183581af7bcc071f17c686f1012fba5b2d0a7,2026-01-02T15:43:32.857066,False,0,214095.761246,0.0,0,0,
0x593889178ac483d13c181cc159653579722e357e,2026-01-02T15:43:32.855053,True,1,37383.687708,13676.3525,0,0,
0x0b35637046a9e4f1ba774538aa4d819da0fc2cbb,2026-01-02T15:43:32.915568,False,0,0.0,0.0,0,0,
0xaed1a0ec57edd11be7162543c5879ca6309e44fb,2026-01-02T15:43:33.001646,False,0,0.0,0.0,0,0,
0xac00f04b1d4a7860440ec56fa05d9d3f8a841c71,2026-01-02T15:43:33.080555,False,0,0.0,0.0,0,0,
0x7a369e110cc293117ace457aa382a6843ddede20,2026-01-02T15:43:33.103337,False,0,0.005217,0.0,0,0,
0xc744c8e4de4684e40fbf72179e56b8482ad99be8,2026-01-02T15:43:33.125406,False,0,10.906182,0.0,0,0,
0x1b3668b46f7d34ba77fbf8ac2dd32a863197feea,2026-01-02T15:43:33.109280,False,0,0.0,0.0,0,0,
0x86fcc64d6551ad7e7e411a5968852627cd395e96,2026-01-02T15:43:33.133721,False,0,0.0,0.0,0,0,
0x7f9436a9d47fe45b2d815b7093c77d1b454e66c4,2026-01-02T15:43:33.246638,False,0,0.008718,0.0,0,0,
0x95e1a1446a561619edefe9b852fc3f0564e41d8d,2026-01-02T15:43:33.235549,True,2,2009.205377,1455.225,0,0,
0x3dcbcb4ba3fd1779e83496093fef38f7645ac6db,2026-01-02T15:43:33.246269,False,0,0.009225,0.0,0,0,
0xec605b5a7ae11f2aedc1506ee5e1a07774a1c396,2026-01-02T15:43:33.300594,False,0,0.0,0.0,0,0,
0x3d3de1bd12bc96ca6fc324028b798879375d7099,2026-01-02T15:43:33.406647,False,0,0.0,0.0,0,0,
0x24f58755b205bf07d20afafc563627a38d55d8ef,2026-01-02T15:43:33.468135,True,5,4674.409781,3335.433633,0,0,
0x5937d014d9295f920fb1dd259a9591eaea03a680,2026-01-02T15:43:33.503253,True,2,58889.946184,6786.824357,0,0,
0x2593172fa5fb7660a8f5339fdfe01a24169725ad,2026-01-02T15:43:33.534128,False,0,4392.668639,0.0,0,0,
0x2389330e31e4e5b9dd256a4cba96a3303513e2cf,2026-01-02T15:43:33.570982,False,0,1414.891105,0.0,0,0,
0x5d99dc6b9b82c072cd6bec5dedd69ec294541510,2026-01-02T15:43:33.569830,False,0,0.0,0.0,0,0,
0x42f288538a17d0537a35d80ed7a5a307f745f6c8,2026-01-02T15:43:33.630550,False,0,1.002401,0.0,0,0,
0x0bb49b294215a19f0c93ab8c3c051168fd00276c,2026-01-02T15:43:33.629520,True,3,15124.625578,1286.022974,0,0,
0x809405446f779e3ef49d942346e3d5f90bd74a98,2026-01-02T15:43:33.741945,False,0,0.009783,0.0,0,0,
0x7bb09deaa25fa15356f914910d714fe750624ed9,2026-01-02T15:43:33.726639,False,0,0.0,0.0,0,0,
0xd41d7f09b0a244acaabcf5b249ca97c896f7b51b,2026-01-02T15:43:33.813903,True,1,1079.652221,412.235975,0,0,
0x9452698e709de91c16ad685ba8299775948632f1,2026-01-02T15:43:33.857781,True,2,6060.148318,4684.825628,0,0,
0xac5209fe1dc1cf464f9be7a6b12d4d966708bbad,2026-01-02T15:43:33.891182,False,0,12.216276,0.0,0,0,
0x6697a37e662b5fd8775ab32cb44a99521a5aaf84,2026-01-02T15:43:33.975435,False,0,0.0,0.0,0,0,
0xf5999070ed2a5a5fac42bf03c4f8ccfc0090f03f,2026-01-02T15:43:33.947256,True,1,7567.756191,4124.467112,0,0,
0x457b13ab4d63390c984a06a913719f53f5ef1edc,2026-01-02T15:43:33.992239,False,0,57980.474045,0.0,0,0,
0x4914f82cdec0cbe7e031202f1b8ae74eb2274561,2026-01-02T15:43:34.025634,False,0,0.0,0.0,0,0,
0x1e647c19ae67d4e8e82ebfee938fef79fba6ec02,2026-01-02T15:43:34.023004,False,0,271.380471,0.0,0,0,
0x77f3d9521fedec0f8614b2b310f45c9ad10337a5,2026-01-02T15:43:34.128656,False,0,0.0,0.0,0,0,
0xcc1159ebaed7316a43cf6c6e76d61a2f6fa65e26,2026-01-02T15:43:34.155740,True,4,945.458289,220.767415,0,0,
0xd330ee5b6f1aa060a6afdebc78178e99c7858ba9,2026-01-02T15:43:34.216412,False,0,186.156028,0.0,0,0,
0x3eff5d583d3feaf0b900df54e1113b743dbe901d,2026-01-02T15:43:34.252135,False,0,1061.359572,0.0,0,0,
0x8e042643bba83908ff395032ca9e04e8438d24a4,2026-01-02T15:43:34.289008,False,0,840.168455,0.0,0,0,
0x15baf1cefcced43e971da85b7b4de5a0391f7b29,2026-01-02T15:43:34.363876,False,0,404055.355941,0.0,0,0,
0x39237393323d3017b0c9fa4f7db29c18d26b5d89,2026-01-02T15:43:34.379771,False,0,0.709319,0.0,0,0,
0x7ad4c421b6b1952efc048b3b7e6c65dccf9791df,2026-01-02T15:43:34.397390,False,0,57.972082,0.0,0,0,
0xb6960770ccf47cb7a098999a492aee76c2acf2d0,2026-01-02T15:43:34.424354,True,1,45.357764,5.256482,0,0,
0x954063f86338ca8ba493b0ac93bc529c7a4e2c13,2026-01-02T15:43:34.431721,True,1,28961.063507,22106.7,0,0,
0x2640cff4c41e1073051048db9338da5c0a7ca826,2026-01-02T15:43:34.552079,False,0,143936.154258,0.0,0,0,
0xe7b23a2abaa77bd2949c7b42e987eda97324094e,2026-01-02T15:43:34.557128,False,0,0.79069,0.0,0,0,
0x3a68063e76283a57d3be9cd4241486b3072ed3be,2026-01-02T15:43:34.605535,False,0,0.003868,0.0,0,0,
0x0c7c327b36f2d1cc1734fc8981b78f2bc9ed9f07,2026-01-02T15:43:34.659292,True,1,771.443076,242.8399,0,0,
0x96f26ca249eeebdb00960c58f1d3acc439736ea6,2026-01-02T15:43:34.673219,False,0,0.0,0.0,0,0,
0x47185d536cd21374fe1b15dc320ab74810a4ae76,2026-01-02T15:43:34.758625,False,0,0.009189,0.0,0,0,
0xda77fc9dafaa95de16d47859d62b733a58365e45,2026-01-02T15:43:34.764940,False,0,12807.098884,0.0,0,0,
0x7b8456730daaf5251e525b3ed6ce9bcf98796c97,2026-01-02T15:43:34.776522,True,1,1149.064359,733.518975,0,0,
0x0e7fcdc85f296004bc235cc86cfa69da2c39324a,2026-01-02T15:43:34.813345,False,0,0.0,0.0,0,0,
0x67abe8a79fd6f6f4268d530694c6909dbfe8fdc1,2026-01-02T15:43:34.921576,False,0,14636.464498,0.0,0,0,
0xdddd9202672173112e4acc76c516f8ce4425a358,2026-01-02T15:43:34.955909,False,0,0.0,0.0,0,0,
0x1e5007bf5512b3636dfd169fb4bc1ac8e2838609,2026-01-02T15:43:34.955581,False,0,0.004592,0.0,0,0,
0x29e75433b1e03e799a54870c77770c1cfb126414,2026-01-02T15:43:35.001592,False,0,4.970465,0.0,0,0,
0xd3093a1feddfed94d9ca1009d45a5c123711e9cc,2026-01-02T15:43:35.048315,False,0,0.0,0.0,0,0,
0xa43313220d297e788f9f6f323b2fdca6722b4b83,2026-01-02T15:43:35.060143,True,2,29333.700991,2217.531556,0,0,
0x7c9063122c01837fe83da2521056e10c9b6dd129,2026-01-02T15:43:35.142864,False,0,0.0,0.0,0,0,
0xbdb14bfc98d8b78a8689a8a09d4642562da52683,2026-01-02T15:43:35.150738,False,0,0.0,0.0,0,0,
0xdc9887d0f6094661b9e46cb5d3c11bcdac77f3be,2026-01-02T15:43:35.206025,False,0,0.0,0.0,0,0,
0x8dc7d5b03efa8a11fdd700a3d5ea650dd9b8e454,2026-01-02T15:43:35.215573,False,0,0.002581,0.0,0,0,
0x4aa62d12aa68ad94ecf2cbe1c16a28a76989c7b0,2026-01-02T15:43:35.326439,False,0,0.0,0.0,0,0,
0x923a4675876dff5ae3b3527fde87ab1b511e3267,2026-01-02T15:43:35.348477,False,0,0.006271,0.0,0,0,
0x8f7b4037525bf2b26aecf431544f48e02c15ba17,2026-01-02T15:43:35.360464,False,0,54.431081,0.0,0,0,
0xe6e6f8150d027e51067fdc83dc0381161c093d8a,2026-01-02T15:43:35.392117,False,0,0.0,0.0,0,0,
0x9d32894d5270aac29274eed68cba783e1a25c3ee,2026-01-02T15:43:35.443905,False,0,0.000658,0.0,0,0,
0x89b76563bd725d556887ad61f59a4abac44fe203,2026-01-02T15:43:35.449200,False,0,0.0,0.0,0,0,
0x524f7d39d1a1a24aa315f101b3a8b9a82daf932f,2026-01-02T15:43:35.524278,False,0,0.008107,0.0,0,0,
0x80398804b3ebf795b20f846e5ea0a9292f1a4c5d,2026-01-02T15:43:35.532280,False,0,0.0,0.0,0,0,
0x44aee0f8f03d7099d09041b2983f166d7eaf974f,2026-01-02T15:43:35.587806,False,0,0.0,0.0,0,0,
0xa03824fc002c6d85fae24b9fe55eb72aa33e2849,2026-01-02T15:43:35.599261,True,4,34378.877863,12565.327049,0,0,
0x5d3a45a61e4bce6cfde85198ba358577685c27fe,2026-01-02T15:43:35.717515,False,0,665.509389,0.0,0,0,
0x5f44fe1c8b5d0802eda2a9b638c6163ad52d633b,2026-01-02T15:43:35.737881,False,0,49083.048235,0.0,0,0,
0x5d3524dd70c42a7f74877be947aa84c0b0703545,2026-01-02T15:43:35.747212,False,0,833.241109,0.0,0,0,
0xf4ea9aab356e7308bdfc9abe9eefceec56f9e829,2026-01-02T15:43:35.775233,False,0,8.668647,0.0,0,0,
0x46ff2131a388ad0357779868631653ea6ee63eed,2026-01-02T15:43:35.833240,False,0,102.21645,0.0,0,0,
0xbf49ffdc3008791900bb96ebccb61118f70c1bc9,2026-01-02T15:43:35.840212,False,0,1566.15151,0.0,0,0,
0x515c07dd7cd01496d4000e4998b4fd5acd2c09e1,2026-01-02T15:43:35.910103,False,0,0.0,0.0,0,0,
0x433117c17f54ac472a36f155c93282cdb8970f0d,2026-01-02T15:43:35.924191,False,0,0.002046,0.0,0,0,
0x7290bff396ad0d61ad2e9aa9104bf073bf421d4a,2026-01-02T15:43:35.977092,False,0,0.009847,0.0,0,0,
0x9c125e2a95b5ebe8eaf4481249596b9d8c818ec9,2026-01-02T15:43:35.983953,False,0,9601.439316,0.0,0,0,
0x32a4725ca39f02af5261b3a0490979cd486a0081,2026-01-02T15:43:36.130301,False,0,126.160969,0.0,0,0,
0x5928419d93434f7f5775e01f7055e2f9002400c2,2026-01-02T15:43:36.127755,False,0,0.0,0.0,0,0,
0x9230bd3b91703c9c45130f2f9b7052b4950f9162,2026-01-02T15:43:36.203648,False,0,10.465442,0.0,0,0,
0x2c8881988fc475354dfa952bdd4a8946e83c33bb,2026-01-02T15:43:36.104996,False,0,9344.111214,0.0,0,0,
0x2e4311ffd500b3790ae0fc3fd6acc8e58eb2af24,2026-01-02T15:43:36.221609,False,0,268.797456,0.0,0,0,
0x4b0fd0d0fbcd942dda662c85173bada17af05db2,2026-01-02T15:43:36.232185,False,0,5853.319721,0.0,0,0,
0x499882132a4f16905b3cb2e04e2ef0f7ad303e8f,2026-01-02T15:43:36.308358,False,0,31154.051214,0.0,0,0,
0x9a354c183e529fb2a1d2ea83408bd8e05cb19e53,2026-01-02T15:43:36.320658,False,0,0.004814,0.0,0,0,
0xd53e635128df41e1c0903349ebc117645b196794,2026-01-02T15:43:36.388409,False,0,9231.091258,0.0,0,0,
0x528188374f1e39fe5855794956474cc0603c840d,2026-01-02T15:43:36.413983,False,0,2.9e-05,0.0,0,0,
0xc794b210337339ce83f5be21f0f62802c029b332,2026-01-02T15:43:36.525273,True,1,230572.810271,10850.011967,0,0,
0x19263b1bbad9fb9e50578c84d656553858fb8f55,2026-01-02T15:43:36.537645,True,2,179406.009701,18766.662492,0,0,
0x4eafff37fa2e63cd1286667b37c8015a3719c450,2026-01-02T15:43:36.615968,False,0,61.331211,0.0,0,0,
0xc196c1919dac39a94f28d890a425aa5a9e3d5d33,2026-01-02T15:43:36.616107,True,2,2405.882654,2302.948775,0,0,
0x6fb225d4ab69222593c270d00ad48eb22d306372,2026-01-02T15:43:36.637739,False,0,8512.528443,0.0,0,0,
0x887505050daac03a9ac77277ea36bb8f8d25ab79,2026-01-02T15:43:36.600920,False,0,0.0,0.0,0,0,
0x4f9eb94fa444b66534577550a8eb7281b68d2423,2026-01-02T15:43:36.708580,False,0,0.0,0.0,0,0,
0x8d47c704feb7cf9d0ec7cd6a15ad76db341e5eea,2026-01-02T15:43:36.725207,True,1,1790.83721,381.36388,0,0,
0x7711f7b4e9db7a8a68272d1b966e7f0bf25b90b6,2026-01-02T15:43:36.798413,False,0,82.081857,0.0,0,0,
0xb2485dd419530db036eb017d1c3f7c4f0c718fbd,2026-01-02T15:43:36.790838,True,3,78759.538103,10962.4295,0,0,
0xc251601212240ac41e2465bbc64b7504c84e37b7,2026-01-02T15:43:36.908649,False,0,0.009878,0.0,0,0,
0x47498e6cb5d3683b0c5d73a676d06739fa4fefab,2026-01-02T15:43:36.925999,False,0,0.0,0.0,0,0,
0x11bc2477192257cc99066724074a5843014c86fa,2026-01-02T15:43:37.004761,False,0,0.0,0.0,0,0,
0x454b2d86cc17068562b2513cbcc21b940958a38a,2026-01-02T15:43:37.005556,False,0,0.0,0.0,0,0,
0xaaa7bbcf4b605112cf7973f533425a7ee38fa11a,2026-01-02T15:43:37.038202,False,0,0.004032,0.0,0,0,
0x79c910a522cfcb734ab772fbdc3dfd2b77874366,2026-01-02T15:43:37.067662,True,1,689.961694,243.735973,0,0,
0x469c312c9d393b812725fc46a3a4a77d7f07db68,2026-01-02T15:43:37.093826,True,2,87135.362166,35954.179735,0,0,
0xfeaef76fc2f9914b500f175b7b9755e58923c078,2026-01-02T15:43:37.120379,False,0,0.0,0.0,0,0,
0x2312171890250347dbf1b082bdf7950504909e92,2026-01-02T15:43:37.219965,True,6,509454.804244,76420.861978,0,0,
0x57cbb71616449843818d9f8a969c22bf9225bbd8,2026-01-02T15:43:37.225206,True,10,95.341336,16.662344,0,0,
0x33cfb721c1e5cc7314f453827288edb9fd2e1475,2026-01-02T15:43:37.291790,False,0,0.156509,0.0,0,0,
0xfd145973ecacbda7c70309f6afe430c51724e60c,2026-01-02T15:43:37.317846,False,0,0.0,0.0,0,0,
0x8434b7844fd17fad52f0aceae50a834cd4896577,2026-01-02T15:43:37.403534,False,0,111915.453304,0.0,0,0,
0xe9f4a95b966c85380854fdf633b5bd0f339d1cea,2026-01-02T15:43:37.423874,True,15,41147.495167,4045.450817,0,0,
0xebc7aa527102ab3695b521461d422957ad632100,2026-01-02T15:43:37.392027,False,0,0.0,0.0,0,0,
0x21931369de380f813caf6ecdbe2764cb0e957007,2026-01-02T15:43:37.483039,False,0,0.0,0.0,0,0,
0x043c11ee6152422b6520c64c4203fd123dfe23cd,2026-01-02T15:43:37.462072,False,0,85.830189,0.0,0,0,
0xc29546760f82e9633d9e67e9eae053ecb400a6f1,2026-01-02T15:43:37.504493,False,0,0.001466,0.0,0,0,
0x686630fafd661575b88047e981af585b4be2cac6,2026-01-02T15:43:37.636656,False,0,0.004101,0.0,0,0,
0xda2d588448dcb02c1897507dce91fb52013b2766,2026-01-02T15:43:37.637083,False,0,18.615297,0.0,0,0,
0x2c601bdb570c2e9a56436d4903d5e5dfa2310078,2026-01-02T15:43:37.704973,False,0,862.162463,0.0,0,0,
0x996aca5c586f727858298163b3fdbcf6b390e92b,2026-01-02T15:43:37.817349,False,0,2947.246634,0.0,0,0,
0xabc9992103d1fe750cb90370c99ef3a0a15e9334,2026-01-02T15:43:37.817137,False,0,61.451731,0.0,0,0,
0x603807c9b5131e0fc7cd4d4fcd933b8bf3f6ab8e,2026-01-02T15:43:37.877288,True,2,1242.464904,324.811635,0,0,
0xa76e0fdc290a2df9ac750ff1e7315a20628b529c,2026-01-02T15:43:37.877740,True,1,17889.157383,17638.695707,0,0,
0xd890331e75d076de2ae87225ea3f78d5bf4c2fc0,2026-01-02T15:43:37.865214,False,0,40118.877837,0.0,0,0,
0xd28a9fb4c656b815bfa452d089673a7735ee2124,2026-01-02T15:43:37.904858,False,0,5000.0,0.0,0,0,
0x2008c2e52eb631c64212186b1887da8631c0b0e8,2026-01-02T15:43:38.030670,False,0,63.914812,0.0,0,0,
0xa78a59ad88bc1170004f881b6a0553de88e26527,2026-01-02T15:43:38.036354,False,0,0.0022,0.0,0,0,
0x552ee427a223ae029dd5f0dc1c232572369a91f1,2026-01-02T15:43:37.679520,False,0,0.001746,0.0,0,0,
0xe835169d73031aca4d68d9a56931e958e8daf55a,2026-01-02T15:43:38.124465,False,0,159.974363,0.0,0,0,
0x7f1156aa350982560653fed03ef0e285ef878b75,2026-01-02T15:43:38.227434,False,0,0.0,0.0,0,0,
0x05a759d81f8dcc53215c1c9cf90061222172b89a,2026-01-02T15:43:38.273208,False,0,0.0,0.0,0,0,
0xbc363c63589d390652daf7f2df5ea3c21402e041,2026-01-02T15:43:38.273416,False,0,0.0,0.0,0,0,
0x0162db6a7794f12b1b29f14ccf3d2900e7b349d6,2026-01-02T15:43:38.282501,False,0,21.952747,0.0,0,0,
0x9bdadc5ca172fc07cdb3e27a499bc8e011740c3e,2026-01-02T15:43:38.332513,True,2,1625.486264,130.743886,0,0,
0x4e859c41dcad304020bf8b7d2c035545a2732605,2026-01-02T15:43:38.233671,False,0,0.0,0.0,0,0,
0xda41912e2779247eb5ada68f08027c387ced2371,2026-01-02T15:43:38.424347,False,0,0.009783,0.0,0,0,
0x0c6265f92cb7ed2cd52f54d1a404c90489a24a6a,2026-01-02T15:43:38.424200,False,0,0.00815,0.0,0,0,
0xc14e3fde78f2162adb37a1a806f485c2b3c46607,2026-01-02T15:43:38.497324,False,0,0.0,0.0,0,0,
0x2cab7d7f04588cba1bd544c8884d02be3640c9df,2026-01-02T15:43:38.515608,False,0,22.465951,0.0,0,0,
0xad31f493250333e69cec526b698641aa78ebda99,2026-01-02T15:43:38.631223,True,1,341.710331,342.07349,0,0,
0x4be74246962aa81899c14c15f19e8bc4a655c06e,2026-01-02T15:43:38.667293,False,0,214.935952,0.0,0,0,
0xf5cc285d9b54f0e931d1a3a4eb74f202e5890c3c,2026-01-02T15:43:38.666849,False,0,0.008222,0.0,0,0,
0xd9fa91f2c50500877897c92fd0e630262f578dc1,2026-01-02T15:43:38.674161,False,0,0.0,0.0,0,0,
0x97ff18206ab9b3fc287a8750e97870b74ab2a37b,2026-01-02T15:43:38.717606,False,0,201972.604122,0.0,0,0,
0x140446fe5e488b79d94ba80649511af31a003951,2026-01-02T15:43:38.803601,False,0,13682.185284,0.0,0,0,
0xb33b7839d5029eb04a47f6fd1a5eee9c52d1a4b0,2026-01-02T15:43:38.809110,False,0,473.761647,0.0,0,0,
0xbeb3d50788b5b3b0cb2941e51c03cb8c30f1ad03,2026-01-02T15:43:38.808550,False,0,1647.548899,0.0,0,0,
0xfa09cb73ae945c6345bc5258a8273e4381eccca9,2026-01-02T15:43:38.883409,True,1,1470.327932,48.06561,0,0,
0x9b422e571eb2cb9837efdc4f9087194d65fb070a,2026-01-02T15:43:38.908626,True,3,279081.951683,44110.459939,0,0,
0xb2422b364cef9fe31fe788bbf7cd31a01304ca0c,2026-01-02T15:43:39.054486,True,1,119574.580682,90703.00915,0,0,
0xc1e46cc5ef96bf9d34c687cda51c0919e5ae3275,2026-01-02T15:43:39.056853,False,0,110.211918,0.0,0,0,
0x801fc73d9e0a882044cb03acb5e7d996d206229b,2026-01-02T15:43:39.058723,False,0,3669.179622,0.0,0,0,
0x7f76d15c57df1a4a6a9b92a22bcb67b19ec20231,2026-01-02T15:43:39.105352,False,0,0.0,0.0,0,0,
0x51ad69d78921a70b389ca40ed5b172c7689bebf1,2026-01-02T15:43:39.025308,False,0,0.0,0.0,0,0,
0xd945e64f30901cc0996e5a348b377d3a058cbf49,2026-01-02T15:43:39.194259,False,0,0.0,0.0,0,0,
0xbed1ad43cec8de3985f53430b5d03b31a2c8b5d0,2026-01-02T15:43:39.250330,False,0,4.70964,0.0,0,0,
0xd67f1d4ce604b1e1ad8e630b355567c0ee1f78df,2026-01-02T15:43:39.271726,False,0,533.851141,0.0,0,0,
0x3e75497d32942dc8edfceab39dbfbaf2297311c9,2026-01-02T15:43:39.287493,True,1,251164.496228,47212.504202,0,0,
0x125e1b59283bf5d99ac4f94de81635c699ecbf1e,2026-01-02T15:43:39.299684,False,0,0.0,0.0,0,0,
0x38d138aa067320f2b186a51a8a2ad4c511f2431d,2026-01-02T15:43:39.447873,False,0,2867.861975,0.0,0,0,
0x943e0a6fe914fa7f9f00da74b9c88a4580c0f3c4,2026-01-02T15:43:39.464997,True,1,58.340603,22.760039,0,0,
0x5ade8fc6abec1e673ca8abaa95ee09bdfbe44dd5,2026-01-02T15:43:39.494417,True,2,1777.735014,218.971211,0,0,
0x18e8934c311a2bab0c9ba9815fcbbd29294b1244,2026-01-02T15:43:39.449001,False,0,5.177618,0.0,0,0,
0x1188e4d6c751d79e27cbf38309803b998318a7e6,2026-01-02T15:43:39.560562,True,1,95090.370195,6577.718462,0,0,
0xe95cf41e27b56c36f0ad39c33d51c05f627c48b2,2026-01-02T15:43:39.585953,False,0,152.30631,0.0,0,0,
